أله,11,"االهتنا,الهة,الهتي,إلاه,إلاهك,فإلاهكم,فإليه,ماله,وإلاه,وإلاهنا,وإليه"
اباءكم,1,اباءكم
اباءهم,1,اباءهم
أكم,5,"اباؤكم,ابائكم,وإمائكم,ياتكم,يؤتكم"
اباؤهم,1,اباؤهم
ابائهم,1,ابائهم
اتت,2,"اتت,اتت"
تنأ,5,"اتنا,تاتنا,تنته,تنهون,وتنهون"
اتوا,2,"اتوا,اتوا"
توه,5,"اتوه,اتيه,تويه,ياتيه,يتيهون"
اتىاكم,1,اتىاكم
اتىانا,2,"اتىانا,اتىانا"
اتىاه,1,اتىاه
اتىاهم,2,"اتىاهم,اتىاهم"
وتي,27,"اتي,اتيت,اتيتكم,اتيتني,اتيك,اتينا,اتيناكم,اتيناها,اتيت,اتينا,الاتي,التي,الموتىا,اوتوه,اوتيت,اوتيته,بالتي,كالتي,لاتية,موتوا,واتىاكم,واتىاه,واتينا,واوتيت,وتوي,ويتيما,يتيما"
اتيتموهن,1,اتيتموهن
ثور,5,"اثار,اثارهما,تثير,منثورا,واثاروا"
أثم,3,"اثم,الاثمين,وإثمهما"
أخذ,24,"اخذ,اخذ,اخذة,اخذتم,اخذتها,اخذنا,اخذه,تاخذ,تاخذه,تاخذوا,تاخذونها,تؤاخذني,لاخذنا,ناخذ,واخذت,واخذن,واخذوا,ولياخذوا,وياخذ,ياخذ,ياخذهم,ياخذون,يؤاخذكم,يؤخذ"
أخر,13,"اخر,اخره,اخرين,اخر,الاخرة,الاخرين,للاخرة,نؤخره,واخرنا,واخرين,والاخر,والاخرين,يؤخرهم"
أذن,13,"اذان,اذانهم,اذناك,اذنت,اذنيه,ائذن,تاذن,تؤذونني,فاذنوا,مؤذن,واذن,يؤذون,يؤذين"
ذوي,9,"اذوا,اوذينا,بالذي,ذو,ذواتا,ذي,فذو,كالذي,واوذوا"
ربب,11,"ارباب,ربكم,ربما,ربه,ربهم,فربكم,لرب,لربكم,لربها,وربائبكم,وربكم"
سجد,17,"اسجد,الساجدين,السجود,المسجد,تسجد,ساجدا,سجدا,فاسجد,فسجد,لاسجد,لمسجد,مسجدا,واسجد,واسجدي,ومساجد,يسجد,يسجدوا"
سلم,23,"اسلمتم,إسلامهم,اسلمنا,الإسلام,السلام,المسلمين,تسلمون,سالمون,سلم,سلمتم,سليم,فسلام,فسلموا,للسلم,لنسلم,مسلمة,مسلمين,واسلموا,والسلام,والمسلمات,وسليمان,ولسليمان,يسلمون"
اسىا,1,اسىا
شكر,7,"اشكر,تشكرون,شاكرا,شاكرين,شكرا,شكورا,يشكر"
قرر,5,"اقررتم,اقررنا,تقر,قرار,قرنا"
الاء,1,الاء
لون,13,"الان,الان,بلوناهم,تتلون,تلون,لان,لن,لونها,لئن,والتين,وبلوناهم,يالونكم,يتلونه"
ذكر,37,"الذكرين,اذكركم,اذكره,التذكرة,الذكران,الذكور,بذكر,تتذكرون,تذكرة,تذكرون,ذكر,ذكرانا,ذكرتم,ذكركم,ذكره,ذكروا,ذكرىا,ذكرىاهم,سيذكر,لتذكرة,لذكر,لذكري,للذكر,ليذكروا,مذكر,واذكر,واذكروا,والذاكرين,والذكر,وذكرا,وذكروا,وليتذكر,ونذكرك,ويذكر,يتذكر,يذكر,يذكرون"
هوت,2,"الهتنا,هاتين"
أمن,40,"امن,امنة,امنتم,امنوا,امنين,افامن,افامنوا,افتؤمنون,الامنين,المؤمن,المؤمنون,امن,امنة,امنتم,انؤمن,اؤتمن,بالامن,بمؤمنين,تامنه,تؤمنوا,فامن,فامنت,فامنوا,لتؤمنن,للمؤمنات,لمؤمن,ليؤمنن,مامنه,مؤمن,مؤمنات,مؤمنون,نؤمن,وامنتم,وامنوا,والمؤمنات,والمؤمنين,وليؤمنوا,ويؤمن,يؤمن,يؤمنون"
ان,18,"ان,انتم,انية,إن,انت,انك,إنكم,اننا,إنني,إنه,انهما,إنهن,وانت,وانتم,وانك,وإنكم,وإننا,يان"
نوي,1,اناي
أنس,5,"انس,انستم,الإنسان,إنسان,للإنسان"
اوىا,1,اوىا
اي,21,"ايات,اياتنا,اياتها,اية,ايتين,الايات,اي,ايا,إياك,إيانا,ايكم,ايها,باي,باياتنا,باياتي,واياته,والاي,وإياك,واياما,وإياي,وإيتاي"
اءلاه,1,اءلاه
اءنا,1,اءنا
اءنك,1,اءنك
بول,1,ابابيل
بلل,1,ابالله
أبه,1,اباه
دعا,35,"ابتدعوها,اتدعون,ادع,ادعوا,ادعوكم,ادعوهم,الدعاء,تدع,تدعوا,تدعونا,تدعونني,تدعوهم,دعا,دعاءكم,دعاءي,دعان,دعاه,دعوا,دعوت,دعوتكم,دعوتهم,دعي,ستدعون,فادعوهم,فدعا,ندع,ندعوه,وادعوا,وتدعونني,وداعيا,وليدع,ويدعون,يدعنا,يدعون,يدعوهم"
غوأ,7,"ابتغوا,اغوينا,غوينا,فاغويناكم,فغوىا,لابتغوا,يغويكم"
بغي,15,"ابتغي,ابغي,بغىا,بغيا,بغيكم,تبتغي,تبغ,تبغونها,فبغىا,لبغوا,والبغي,وتبغونها,ويبغون,يبغون,يبغيان"
بلي,10,"ابتلىا,ابتلي,بل,تبلى,ليبلوكم,ليبلوني,نبلوهم,وليبتلي,ونبلوكم,يبلوكم"
بدأ,9,"ابدا,البدو,بدا,بدانا,تبدوا,فبدا,ليبدي,مبديه,يبدئ"
برا,9,"إبراهم,ابرئ,البرية,بالبر,براء,بريء,تبرءوا,تبرانا,وابرئ"
برح,3,"ابرح,بريح,نبرح"
بشر,20,"ابشر,البشر,البشير,بشرا,بشرىاكم,بشيرا,تبشرون,فاستبشروا,فبشره,لبشرين,لتبشر,للبشر,مبشرا,مبشرين,وبشر,وبشير,ومبشرا,ويبشر,ويستبشرون,يبشرك"
ابشرتموني,1,ابشرتموني
بصر,20,"ابصاركم,ابصارها,ابصارهن,ابصرنا,البصير,بالابصار,بالبصر,بصره,بصير,بصيرة,تبصرون,فبصرت,مبصرة,مستبصرين,وابصارا,وابصارهم,وابصرهم,والبصر,يبصر,يبصرون"
أبق,1,ابق
بكر,3,"ابكارا,بكر,والإبكار"
بلع,1,ابلعي
بلغ,18,"ابلغتكم,ابلغه,البالغة,بالغ,ببالغه,بلاغ,بلغا,بلغن,بلغوا,بليغا,تبلغ,لتبلغوا,ليبلغ,مبلغهم,وابلغكم,وبلغت,يبلغا,يبلغوا"
ليس,4,"إبليس,ليست,ليسكن,ليسوا"
بني,18,"ابناء,ابناءنا,ابنائهن,ابني,بانا,ببنيه,بنا,بنات,بناتي,بني,بنيانا,بنيانهم,بنيناها,وابناءكم,وابنائنا,وبناتك,وبني,وبنينا"
ابناؤا,1,ابناؤا
أبن,2,"ابنتي,ابنه"
بوب,3,"ابوابا,بابا,تباب"
بوأ,8,"ابواه,ابوهم,ابويك,ابويه,فابوا,مبوا,وابونا,يتبوا"
ابي,1,ابي
كمأ,4,"ابيكم,إليكم,كم,كماء"
همم,6,"ابيهم,اهمتهم,بالهم,فالهمها,هم,وهموا"
اتاخذونه,1,اتاخذونه
تبع,27,"اتباع,اتبعت,اتبعتني,اتبعكما,اتبعني,اتبعوا,اتبعون,بتابع,تبع,تبعني,تتبعان,تتبعها,تتبعون,فاتبع,فاتبعني,فاتبعها,فاتبعوا,لاتبعناكم,متبعون,نتبعكم,نتبعهم,واتبع,واتبعتهم,واتبعنا,واتبعوا,ويتبع,يتبعها"
اتبعوهم,1,اتبعوهم
اتتخذنا,1,اتتخذنا
تكي,4,"اتتك,تك,تكونا,متكا"
تهم,2,"اتتهم,ياتهم"
جعل,33,"اتجعل,اجعلتم,اجعلني,تجعلنا,تجعلوا,جاعل,جعلا,جعلته,جعلنا,جعلناكم,جعلناها,جعله,جعلوا,فجعلتم,فجعله,لجاعلون,لجعل,لجعلنا,لجعله,نجعل,نجعلهم,واجعلنا,واجعله,وتجعلون,وجعلت,وجعلنا,وجعلها,ولنجعلك,ونجعلهم,ويجعل,ويجعله,يجعل,يجعله"
اتحاجوني,1,اتحاجوني
خذأ,23,"اتخذ,اتخذتم,اتخذها,اتخذوني,اتخذوها,اتخذي,خذ,خذوا,خذوه,فخذوهم,لاتخذن,لاتخذوك,لتاخذوها,لتخذت,لياخذوه,ليتخذ,متخذ,متخذي,نتخذ,وخذوا,ويتخذ,ياخذوه,يتخذوا"
ترب,2,"اتراب,متربة"
ترف,2,"اترفتم,مترفين"
رود,14,"اتريد,ارادوا,اريد,تريدون,راودتني,رويدا,سنراود,فاراد,لرادك,مريدا,وارادوا,ويريدون,يريدا,يريدوا"
اتستبدلون,1,اتستبدلون
صبر,21,"اتصبرون,اصبر,اصبروا,الصابرين,تصبروا,صابرا,صابرون,صبرا,صبرك,صبروا,فاصبر,فصبر,للصابرين,نصبر,واصبروا,والصابرين,وصابروا,وصبروا,ولنصبرن,ويصبر,يصبروا"
عجب,8,"اتعجبين,اعجبتكم,اعجبكم,تعجبك,عجاب,عجبا,عجبوا,يعجب"
علم,44,"اتعلمون,اعلموا,العالمين,العلم,العليم,المعلوم,بعلم,تعلم,تعلمها,تعلموا,عالمين,علم,علمتك,علمته,علمنا,علمني,علمها,علموا,عليم,فاعلموا,فعلموا,كالاعلام,لتعلم,لعلم,للعالمين,لنعلم,ليعلموا,معلوم,نعلمهم,واعلم,وتعلم,وسيعلم,وعلمتني,ولتعلم,ولتعلموا,وليعلم,وليعلموا,ويعلم,ويعلمكم,ويعلمهم,يعلم,يعلمه,يعلمهم,يعلمون"
قتل,30,"اتقتلون,اقتتلوا,اقتل,اقتلوا,القتال,القتلى,تقاتل,تقاتلون,تقتلوا,تقتيلا,سنقتل,فقاتل,فقاتلوا,فقتله,قاتلكم,قاتلوا,قتالا,قتلت,قتله,قتلوا,لاقتلك,لتقتلني,للقتال,وقاتل,وقتلت,وقتلوا,ويقتلون,يقاتلوا,يقاتلون,يقتلن"
قوا,11,"اتقوا,القوىا,بالتقوىا,تتقوا,تقوى,تقوىاهم,قوا,قوة,قوما,قويا,ولتتقوا"
تقي,8,"اتقىا,اتقيتن,التقتا,تقىاة,تقيكم,فالتقى,واتق,واتقىا"
لوي,8,"اتلوا,لاواه,لاي,لتتلوا,لو,نتلوا,ولايتهم,يتلوا"
تمم,2,"اتمم,واتممت"
أتم,3,"اتمها,فاتمهن,واتموا"
نبأ,29,"اتنبون,الانباء,النبوة,النبين,انباء,انباهم,انبائكم,انبوني,انبئكم,بالنبين,سانبئك,لتنبئنهم,للنبي,لنبوئنهم,نباتا,نباته,نباني,نباها,نبوني,نبئ,نبين,نبيهم,ننبئكم,والنبوة,والنبين,ونباتا,ونبئهم,ينبا,ينبئكم"
هدأ,33,"اتهتدي,الهدىا,اهتدىا,اهتديتم,اهديكم,بالهدىا,باهدىا,بهدية,تهدي,فاهدوهم,لتهدي,للهدىا,هادي,هداي,هدى,هدىاكم,هدىانا,هدىاها,هدي,هديتنا,والهدي,واهديك,وهدوا,وهدىا,وهديناهما,ويهدي,ويهديكم,ويهديهم,يهتدي,يهدىا,يهديكم,يهديني,يهديهم"
توب,16,"اتوب,التوبة,تابا,تائبات,تبيانا,تتوبا,توبة,توبوا,فتوبوا,ليتوبوا,متاب,وتاب,وتب,ويتوب,يتوب,يتوبون"
اتوكؤا,1,اتوكؤا
اتى,1,اتى
اتىاك,1,اتىاك
أثث,1,اثاثا
ثقل,9,"اثاقلتم,اثقالها,اثقلت,الثقال,ثقالا,ثقيلا,مثقال,مثقلون,وثقالا"
اثخنتموهم,1,اثخنتموهم
ثري,2,"اثري,واثارا"
ثم,6,"إثم,ثم,ثمنا,فثم,لإثم,والإثم"
ثمر,4,"اثمر,بثمره,ثمر,ثمرة"
ثني,5,"اثنا,اثنتا,اثنتين,ثاني,مثاني"
ثنن,1,اثنين
ثوي,5,"اثيما,بثي,مثواي,مثوى,مثوىاه"
أجج,3,"اجاجا,وماجوج,ياجوج"
جبه,3,"اجتباه,جباههم,فاجتباه"
جبي,5,"اجتبىاه,استجب,وجبت,يجبىا,يجتبيك"
اجتثت,1,اجتثت
جمع,17,"اجتمعت,اجمعوا,اجمعين,الجمع,الجمعة,جامع,جمع,جمعكم,جمعهم,جميعا,فاجمعوا,فجمع,لجميع,ليجمعنكم,مجمع,نجمع,يجمعكم"
جنب,9,"اجتنبوا,بالجنب,بجانب,تجتنبوا,جانب,جنبا,جنوبكم,جنوبهم,واجنبني"
أجر,2,"اجر,اجرها"
جرم,10,"إجرامي,اجرموا,المجرم,المجرمين,بالمجرمين,تجرمون,للمجرمين,مجرمون,مجرميها,يجرمنكم"
جرأ,6,"اجري,تجريان,جارية,فالجاريات,لتجري,واجرا"
جسم,2,"اجسامهم,والجسم"
أجل,6,"اجل,اجلت,اجله,اجلهم,الاجلين,مؤجلا"
جنح,3,"اجنحة,بجناحيه,جناحك"
جور,9,"اجوركم,اجورهن,التجارة,الجوار,تجارة,والجار,وتجارة,يجار,يجير"
جوب,8,"اجيبت,استجابوا,استجيبوا,جواب,جيوبهن,فاستجاب,كالجواب,يستجيبوا"
اجئتنا,1,اجئتنا
حوط,11,"احاط,احطنا,تحط,تحيطوا,حطاما,حطة,لمحيطة,محيط,واحاطت,واحيط,يحيطوا"
حبر,3,"احبارهم,الاحبار,يحبرون"
حمل,18,"احتمل,احمل,تحمل,تحمله,حملا,حملتم,حملنا,حملها,حملوا,فاحتمل,فحملته,ليحملوا,وتحمل,وحملت,وحملها,ولنحمل,ويحمل,يحملنها"
أحد,4,"احد,احدكما,احدهم,واحدة"
حدث,5,"احدث,بحديث,تحدث,حديث,لحديث"
حدأ,2,"إحدى,إحدىاهن"
حوس,2,"احس,حسنا"
حسب,27,"احسب,افحسب,الحاسبين,الحساب,ايحسب,تحسب,تحسبنهم,تحسبهم,حسابا,حسابه,حسابيه,حسب,حسبت,حسبته,حسبك,حسبه,حسبي,حسيبا,فحاسبناها,فحسبه,والحساب,ويحسبون,يحاسبكم,يحتسب,يحتسبون,يحسبن,يحسبهم"
حسن,17,"احسنتم,احسنوا,الإحسان,الحسنات,الحسنىا,بإحسان,باحسنها,بالحسنة,بالحسنىا,تحسونهم,حسنة,حسنهن,للمحسنين,محسن,محسنين,واحسنوا,وحسن"
حشر,10,"احشروا,الحشر,حاشرين,حشرت,محشورة,نحشر,وحشر,ونحشره,يحشر,يحشروا"
حصر,3,"احصروا,حصرت,وحصورا"
حصن,3,"احصنت,المحصنات,محصنة"
حصا,5,"احصىاه,احصىاهم,تحصنا,تحصوه,واحصوا"
حضر,8,"احضرت,حاضرا,حاضري,حضر,لمحضرون,لنحضرنهم,محضرا,واحضرت"
حقب,1,احقابا
حكم,15,"احكمت,الحاكمين,الحكم,الحكيم,بالحكمة,بحكمه,تحكموا,حكمت,حكمه,لتحكم,لحكمهم,محكمة,والحكمة,يتحاكموا,يحكم"
حلم,4,"احلام,الاحلام,الحلم,الحليم"
حلل,9,"احلت,احلنا,تحل,حلال,واحلل,وحلالا,ولاحل,ويحل,يحلون"
حوي,2,"احوىا,يمحوا"
حيا,18,"احيا,احياكم,احياهم,احييناها,استحياء,الاحياء,الحيوان,بيحيىا,حيا,حيواة,حييتم,فاحيينا,للحي,واحيينا,وحيه,ويحيىا,يحييكم,يحييها"
اخا,1,اخا
خلف,29,"اخالفكم,اختلافا,اختلفتم,اخلفنا,اخلفوا,الخوالف,المخلفون,تخلفه,خلاف,خلائف,خلفاء,خلفكم,خلفه,خلفهم,خليفة,فاختلف,فاخلفتم,فخلف,لاختلفتم,ليستخلفنهم,مختلف,مختلفون,مخلف,مستخلفين,نخلفه,واختلفوا,ويستخلفكم,يخلف,يخلفون"
اخاه,1,اخاه
خبر,4,"اخباركم,الخبير,بخبر,خبير"
أخت,6,"اخت,اختك,اختها,إخوتك,الاخت,يااخت"
اخترناهم,1,اخترناهم
خلط,3,"اختلط,الخلطاء,خلطوا"
خرج,37,"إخراجا,إخراجهم,اخرج,اخرجتك,اخرجك,اخرجنا,اخرجه,بإخراج,بخارج,تخرج,تخرجون,خرجت,خرجن,فاخرجنا,فاخرجهما,فخراج,لتخرجنا,لخرجنا,للخروج,لنخرجن,لنخرجنكم,ليخرجكم,مخرج,مخرجون,نخرج,وإخراج,واخرج,واخرجنا,واخرجوا,وتخرجون,ومخرج,ويخرجكم,ويستخرجا,يخرجاكم,يخرجن,يخرجهم,يخرجون"
خرت,1,اخرتنا
اخرجوكم,1,اخرجوكم
خرق,1,اخرقتها
خرأ,4,"اخرىا,اخرىاهم,خروا,وخروا"
خزي,5,"اخزيته,الخزي,تخزنا,وليخزي,يخزيه"
خطا,8,"اخطاتم,بالخاطئة,خطا,خطاياكم,خطاياهم,خطياتكم,خطية,خطيتي"
خفي,16,"اخفي,اخفيها,تخافونهم,تخافي,تخف,تخفون,تخفوها,تخفي,خفتم,خفي,نخفي,واخفى,وتخفون,وخفية,يخفون,يخفين"
خلد,7,"اخلده,الخالدون,الخلود,تخلدون,خالد,خالدون,مخلدون"
خني,1,اخنه
خوي,6,"اخواتهن,اخوك,اخويكم,واخواتكم,وإخوته,واخوه"
خون,11,"إخوان,إخوانكم,إخوانهن,تختانون,تخونوا,خانوا,خوان,خيانة,لإخوانهم,وإخوانكم,وتخونوا"
وخي,4,"اخيه,واخاه,واخيه,ولاخي"
درك,5,"ادارك,تدرك,لمدركون,يدرك,يدركه"
دبر,8,"ادباركم,ادبارهم,الدبر,دبره,فالمدبرات,مدبرا,وإدبار,يدبر"
دخل,23,"ادخل,ادخلني,الداخلين,تدخل,دخل,دخلت,دخلوا,سيدخلون,لتدخلن,ليدخلنهم,مدخلا,ندخلها,وادخل,وادخلني,وادخلوا,ودخل,ولادخلنكم,وندخلكم,ويدخلكم,ويدخلهم,يدخل,يدخلنها,يدخلون"
ادخلوها,1,ادخلوها
درأ,6,"ادر,ادرىاك,ادري,دري,فاداراتم,فادرءوا"
ادعيائهم,1,ادعيائهم
دفع,3,"ادفعوا,دافع,دفعتم"
دلي,2,"ادلكم,فادلىا"
دنا,4,"ادنىا,الادنىا,دنا,وايدناه"
دوأ,2,"ادوا,ليفتدوا"
اذا,3,"إذا,اماذا,ياذا"
ذوق,14,"اذاقهم,ذاقا,ذائقة,ذوقوا,فاذاقهم,فذاقت,ليذوق,ليذيقهم,وتذوقوا,وذوقوا,ولنذيقنهم,وليذيقكم,ويذيق,يذوقون"
ذبح,4,"اذبحك,ذبح,ويذبحون,يذبحون"
ذقن,2,"اذقناه,للاذقان"
ذيل,11,"اذلة,الاذل,الذلة,ذالك,ذالكما,فذالك,فذالكن,وتذل,وذالكم,وذلة,ولذالك"
ذهب,13,"اذهبا,اذهبوا,تذهب,تذهبون,ذهاب,ذهبا,ذهبنا,فاذهبا,لذهب,لنذهبن,ويذهب,يذهبكم,يذهبوا"
اذىاهم,1,اذىاهم
ارءيتك,1,ارءيتك
ارءيتم,1,ارءيتم
ردأ,12,"ارادا,رادوه,ردا,ردوا,ردوها,فتردىا,فرادىا,ليردوهم,مردا,وردا,وردوا,وفرادىا"
رغب,4,"اراغب,رغبا,وترغبون,يرغب"
ربع,3,"اربع,اربعين,الربع"
روب,8,"ارتابوا,تراب,ريب,ريبهم,لارتاب,مريب,وغرابيب,يرتابوا"
ارتدوا,1,ارتدوا
رجأ,4,"ارجائها,ترجي,رجما,يرجوا"
رجع,14,"ارجعوا,ارجعي,الرجع,ترجعون,راجعون,رجعت,رجعك,رجعه,فارجع,فارجعوا,مرجعهم,وارجعوا,يتراجعا,يرجعون"
رجل,13,"ارجلكم,بارجلهن,برجال,رجال,رجالكم,رجل,رجلان,فرجل,لرجل,للرجال,وارجلهم,ورجلك,وللرجال"
أرج,2,"ارجه,وارجوا"
رحم,22,"ارحامكم,ارحم,الارحام,الراحمين,الرحمان,الرحيم,بالرحمان,برحمة,برحمتنا,رحم,رحماء,رحمت,رحمتنا,رحمتي,سيرحمهم,لرحمة,وارحمنا,وبرحمته,وترحمني,ورحمت,ورحمتي,يرحمكم"
ردد,8,"اردت,ترد,رددت,ردما,مردود,واردهم,يرتدد,يرد"
ردن,6,"اردن,اردناه,تردون,لتردين,يردن,يردون"
رذل,1,ارذل
رسل,41,"ارسلت,ارسلنا,ارسلوا,الرسل,الرسولا,المرسلات,المرسلين,برسالاتي,برسلنا,برسول,برسولهم,رسالة,رسل,رسلك,رسلنا,رسلهم,رسول,رسولكم,رسوله,رسولهم,فارسل,فارسله,فارسلون,لرسلهم,لرسوله,للرسل,لمرسلون,مرسلا,مرسلوا,مرسلين,نرسل,وارسل,والرسول,والمرسلات,وبرسولي,ورسلا,ورسله,ورسول,ورسوله,ولرسوله,يرسل"
ارسلناه,1,ارسلناه
أرض,7,"ارض,ارضكم,ارضهم,الارض,والارض,وللارض,ياارض"
رضع,4,"ارضعت,ارضعنكم,الرضاعة,يرضعن"
رضي,21,"ارضيتم,تراضيتم,ترضون,ترضىا,ترضىاها,راضية,رضوان,رضي,رضيتم,لترضىا,ليرضوكم,مرضات,مرضىا,مرضية,وارضا,ورضوان,ورضي,وليرضوه,ويرضىا,يرضونكم,يرضوه"
ركب,8,"اركبوا,تركبون,ركبانا,ركبوا,ركوبهم,لتركبوا,والركب,يركبون"
ركس,1,اركسوا
ركع,6,"اركعوا,الراكعون,راكعون,ركعا,واركعوا,يركعون"
رني,2,"ارنا,وارنا"
رهط,2,"ارهطي,رهطك"
ارى,1,ارى
ارىاك,1,ارىاك
ارىاكهم,1,ارىاكهم
رين,12,"اريناك,ترون,ترونهم,راينه,لاريناكهم,لترون,مرتان,نرينك,يرون,يرونها,يفترينه,يمترون"
ازا,1,ازا
ازدادوا,1,ازدادوا
زفت,1,ازفت
زلف,5,"ازلفت,زلفة,لزلفىا,وازلفنا,وزلفا"
زوج,12,"ازواجا,ازواجكم,ازواجه,ازواجهن,الازواج,زوجا,زوجت,زوجها,لازواجك,وازواجكم,وازواجهم,يزجي"
اساء,1,اساء
سري,4,"اسارىا,الإسراء,سرا,والسراء"
سوا,17,"اساوا,استويت,اسوة,السوء,السوي,بالسوء,ساوىا,سوء,سواتكم,سوءة,سوى,سوىاه,سويا,فسوىا,فسوىاها,واستوىا,يستوي"
سبب,2,"اسباب,سببا"
بدل,12,"استبدال,بدل,بدلنا,بدله,تبديل,تتبدلوا,فبدل,نبدل,يبدلنا,يبدلهما,يتبدل,يستبدل"
سجر,3,"استجره,سجرت,يسجرون"
حفظ,16,"استحفظوا,بحفيظ,حافظا,حافظوا,حافظين,حفظ,حفظهما,حفيظا,لحافظين,محفوظا,والحافظات,والحافظين,وحفظناها,ونحفظ,ويحفظوا,يحافظون"
سحق,4,"استحقا,إسحاق,بإسحاق,فسحقا"
خلص,4,"استخلصه,الخالص,خالصا,مخلصون"
استذن,1,استذن
استذنوك,1,استذنوك
وزل,1,استزلهم
سقي,10,"استسقىاه,تسقي,سقاية,سقيت,فاستقيما,وسقوا,وسقياها,ويسقون,ويسقين,يسقىا"
استضعفوني,1,استضعفوني
طوع,15,"استطاعوا,اطاع,اطيعوا,المطوعين,تطع,تطعه,تطوع,تطيعوا,طاعة,ليطاع,مطاع,واطيعون,وطعنا,يستطيع,يطع"
سطع,4,"استطعتم,استطعنا,تستطع,تسطع"
عجل,10,"استعجلتم,اعجلتم,تعجل,عجلا,عجولا,فعجل,لتعجل,لعجل,وعجلت,يستعجل"
عون,14,"استعينوا,اعينكم,اعينهن,العيون,المستعان,تعاونوا,عينان,عينها,عينيك,واعانه,واعينهم,وعيون,ويمنعون,يمتعون"
غفر,31,"استغفر,استغفروا,الغافرين,الغفار,المغفرة,بالمغفرة,تغفر,سيغفر,غفارا,غفرانك,غفور,فاستغفر,فاغفر,لاستغفرن,لتغفر,لغفار,لمغفرة,ليغفر,مغفرة,نغفر,واستغفره,واغفر,والمستغفرين,والمغفرة,وتغفروا,وغفر,ومغفرة,ويستغفرون,ويغفر,يستغفروا,يغفروا"
قوم,37,"استقاموا,إقامتكم,اقوم,القيامة,القيمة,المقامة,بقوم,تقوم,فاقامه,قاموا,قائم,قائمة,قوامون,قومنا,قومها,قومي,قيمة,للقوم,ليقيموا,مستقيم,مقام,مقامهما,مقيم,واقام,واقاموا,واقيموا,والمقيمين,وقومك,وقومها,وقومهما,وياقوم,ويقيمون,ياقومنا,يستقيم,يقوم,يقومون,يقيموا"
كون,9,"استكانوا,اكان,اكون,فاكون,لنكونن,متكون,مكين,وكاين,وكونوا"
كبر,20,"استكبر,استكبرتم,الكبرى,المتكبرين,المستكبرين,تتكبر,تكبيرا,فاستكبرتم,كبير,كبيرة,لكبيرة,للمتكبرين,مستكبرا,مستكبرين,واستكبرت,واستكبروا,وكبره,ولتكبروا,يتكبرون,يكبر"
كثر,11,"استكثرتم,اكثركم,التكاثر,فاكثرت,كثرة,كثرتكم,كثير,كثيرة,لاكثرهم,واكثرهم,وتكاثر"
متع,16,"استمتعتم,تمتعوا,سنمتعهم,فاستمتعتم,فامتعه,فتمتعوا,متاع,متاعنا,متعت,نمتعهم,وامتعتكم,وتمتعوا,وليتمتعوا,ومتاعا,ويتمتعوا,يتمتعون"
سمع,24,"استمع,اسمع,السمع,السميع,بسمعهم,تسمعوا,سماعون,سمعا,سمعتم,سمعكم,سمعه,سمعوا,سميع,فاستمعوا,لاسمعهم,لسميع,مستمعون,واستمع,واسمعوا,والسميع,وسمعهم,يستمع,يسمعها,يسمعون"
نصر,19,"استنصره,بنصره,تنصروا,فانصرنا,لانتصر,لننصر,منتصرا,ناصرا,نصرا,نصرنا,نصرهم,نصيرا,وانصروا,ولينصرن,وينصركم,ينتصرون,ينصركم,ينصرني,ينصرون"
نكف,1,استنكفوا
هزأ,4,"استهزئ,مستهزءون,هزوا,يستهزءون"
وقد,7,"استوقد,الموقدة,الوقود,فاوقد,وقد,وقود,يوقدون"
سوس,2,"استيس,استيسوا"
سخط,4,"اسخط,بسخط,سخط,يسخطون"
اسراءيل,1,إسراءيل
سرر,8,"إسرارهم,السر,السرائر,تسرون,سرر,سركم,سرهم,وسرورا"
سرع,5,"اسرع,سريع,نسارع,وسارعوا,ويسارعون"
سرف,7,"اسرفوا,المسرفين,للمسرفين,لمسرفون,مسرف,مسرفين,يسرفوا"
أسر,2,"اسروا,واسروا"
أسس,1,اسس
سفي,3,"اسفا,سفها,سفيها"
سفر,4,"اسفارنا,سفر,سفرنا,وسفرا"
سفل,4,"اسفل,الاسفل,السفلىا,سافلين"
سكن,11,"اسكنت,تسكنون,سكن,سكنتم,سكينة,مساكنكم,مساكين,والمساكين,ولنسكننكم,ومساكنكم,يمسكون"
كني,12,"اسكنوهن,اكن,اكنة,كانا,كنا,كنتم,مكناكم,نكن,وكنا,وكنتم,ولتكن,يكن"
سلح,2,"اسلحتهم,واسلحتهم"
سلف,2,"اسلفتم,سلفا"
أسل,2,"اسلكم,اسلما"
سمي,13,"اسم,اسمه,الاسماء,السماء,باسمائهم,تسموا,تسمية,سم,سماوات,سمىاكم,مسمى,والسماء,يسم"
عول,6,"إسماعيل,المتعال,عائلا,عيلة,لعال,وإسماعيل"
سور,11,"اسورة,السيارة,تسوروا,سور,سيارة,سيرت,سيريكم,وتسير,وسار,وسيرى,وللسيارة"
شيت,2,"اشتاتا,شئت"
شتر,5,"اشتروا,تشتروا,نشتري,واشتروا,ويشترون"
شري,9,"اشترىاه,الشر,باشروهن,بالشر,شرا,شروا,يشتري,يشركن,يشرون"
اشتهت,1,اشتهت
شيد,3,"اشد,مشيد,واشد"
شدد,4,"اشدد,شدادا,شديدا,لشديد"
شده,1,اشده
أشر,1,اشر
شرح,3,"اشرح,الشرح,يشرح"
شرك,18,"اشركت,اشركوا,المشركات,المشركين,تشركوا,شرك,شركاءكم,شركاءي,شريك,لتشرك,للمشركين,مشتركون,مشركة,مشركين,واشركه,والمشركات,وشاركهم,وشركاءكم"
اشركتمون,1,اشركتمون
شقي,6,"اشقىاها,الشقة,شقا,شقوا,شقي,فتشقىا"
شكي,3,"اشكوا,شك,وتشتكي"
شهد,35,"اشهد,اشهدوا,الاشهاد,الشاهدين,الشهادة,بالشهداء,بشهاداتهم,تشهد,شاهد,شاهدون,شهادات,شهادتهم,شهد,شهداءكم,شهدنا,شهود,شهيد,شهيدين,فاستشهدوا,لتشهدون,لشهيد,للشهادة,ليشهدوا,مشهد,مشهودا,نشهد,واشهد,واشهدوا,والشهداء,وشاهد,وشهد,وشهيد,ومشهود,يشهد,يشهدون"
شيأ,4,"اشياء,بشيء,شيء,لشايء"
شيع,4,"اشياعكم,تشيع,شيعا,شيعته"
صوب,14,"اصابت,اصابته,اصابكم,اصابها,اصيب,تصيبنا,تصيبوا,سيصيب,فاصابتكم,فاصابها,مصيبها,والصابين,يصيبكم,يصيبهم"
صبع,1,اصابعهم
صبأ,5,"اصب,تصبكم,صبوا,يصب,يصبها"
صبح,10,"اصبح,الإصباح,المصباح,بمصابيح,تصبحون,صباح,صبحهم,فتصبحوا,مصباح,والصبح"
صحب,7,"اصحاب,باصحاب,بصاحبهم,صاحبكم,صاحبهم,فاصحاب,وصاحبهما"
صدق,30,"اصدق,الصادقون,الصدقات,الصديق,المتصدقين,بالصدق,بصدقهم,تصدق,تصدقون,تصديق,صادقا,صدق,صدقات,صدقاتهن,صدقت,صدقكم,صدقوا,صديقا,صديقكم,فاصدق,فصدقت,لصادق,لنصدقن,مصدق,والصادقات,والمتصدقات,والمصدقات,وتصدق,وصدق,يصدقوا"
صري,8,"إصرا,النصارى,صرة,فصرهن,نصارىا,ونصروه,يصر,يصرون"
أصر,2,"إصرهم,واصروا"
اصطفى,1,اصطفى
اصطفىاك,1,اصطفىاك
اصطفيتك,1,اصطفيتك
اصطفيناه,1,اصطفيناه
أصل,1,اصل
صلح,19,"إصلاح,إصلاحها,الإصلاح,الصالحات,الصالحين,المصلحين,بالصالحين,صالح,صالحين,صلح,فاصلحوا,واصلحا,واصلحوا,والصلح,وتصلحوا,ويصلح,ياصالح,يصلح,يصلحون"
صلي,15,"اصلواتك,الصلواة,تصل,تصلىا,صلاته,صلاتي,صلوا,صلوات,صلواتهم,صلىا,مصلى,وصلنا,يصل,يصلى,يصلي"
صنم,2,"اصنام,اصنامكم"
صوت,3,"اصواتكم,الاصوات,صوتك"
صوف,3,"اصوافها,الصافون,والصيف"
اضاءت,1,اضاءت
فعي,2,"افعيينا,فعتوا"
ضحك,6,"اضحك,تضحكون,ضاحكا,فضحكت,وتضحكون,يضحكون"
اضربوه,1,اضربوه
اضطررتم,1,اضطررتم
ضعف,10,"اضعافا,الضعف,ضعف,ضعفاء,ضعفين,مستضعفون,واضعف,يستضعفون,يضاعف,يضاعفها"
ضغث,2,"اضغاث,ضغثا"
ضغن,1,اضغانهم
اضلانا,1,اضلانا
ضلل,9,"اضللن,الضلالة,تضليل,ضلال,ضلالة,ضلالك,ضللنا,والضلال,يضلل"
اضلني,1,اضلني
اضلونا,1,اضلونا
طرف,5,"اطرافها,الطرف,طرفا,طرفهم,واطراف"
طعم,14,"إطعام,اطعمهم,الطعام,انطعم,طعام,طعامك,طعمتم,طعموا,نطعمكم,وطعام,وطعامكم,ويطعمون,يطعمني,يطعمها"
اطعتموهم,1,اطعتموهم
طعن,2,"اطعنكم,واطعن"
طفأ,2,"اطفاها,ليطفوا"
طلع,5,"اطلعت,طلع,طلعها,فاطلع,مطلعون"
طمن,1,اطماننتم
طمع,5,"اطمع,ايطمع,وطمعا,ونطمع,يطمع"
طور,7,"اطوارا,الطير,طائركم,طائرهم,طور,طير,يطيروا"
ظلم,21,"اظلم,الظالم,الظالمين,الظلمات,بظلم,تظلم,تظلمون,ظالم,ظالمون,ظالمين,ظلمت,ظلمك,ظلمهم,لظالمون,لظلم,لظلوم,للظالمين,ليظلمهم,والظالمون,وظالم,يظلمون"
عبد,36,"اعبد,افتعبدون,العابدين,العباد,بالعباد,بعبادة,بعباده,بعبده,تعبد,تعبدون,عابدات,عابدين,عبادا,عبادته,عبادك,عبادنا,عبادي,عبد,عبدت,عبدنا,عبده,فاعبد,فاعبده,فاعبدون,لعبادنا,لعبادي,للعبيد,ليعبدوا,نعبدهم,واعبدوا,والعبد,وعباد,ولعبد,ويعبدون,ياعبادي,يعبدون"
اعبدوني,1,اعبدوني
عتد,8,"اعتدوا,المعتدين,بالمعتدين,تعتدوا,عتيد,معتد,واعتدت,يعتدون"
عدا,32,"اعتدينا,اعد,اعدت,العداوة,العدو,باعدائكم,تعتدوها,تعدنا,عادا,عاديتم,عدا,عدة,عدتهم,عدو,عدوان,عدوكم,عدوهم,فعدتهن,لاعدوا,نعدهم,واعدوا,وعادا,وعدا,وعدتهم,وعدكم,وعدنا,وعدها,وعدو,وعدوكم,ويتعد,يتعد,يعد"
عري,2,"اعترىاك,تعرىا"
عزل,5,"اعتزلهم,عزلت,فاعتزلوا,معزل,واعتزلكم"
عمر,9,"اعتمر,العمر,عمران,عمره,لعمرك,معمر,نعمره,واستعمركم,يعمر"
عجز,8,"اعجاز,بمعجزين,عجوز,ليعجزه,معاجزين,معجزين,نعجزه,يعجزون"
عجم,2,"اعجمي,الاعجمين"
عذب,19,"اعذبه,بالعذاب,بعذابكم,تعذبهم,عذاب,عذابه,عذابهما,عذب,فاعذبهم,لعذبنا,ليعذبهم,معذبهم,معذبين,نعذبه,والعذاب,وعذاب,وعذب,يعذبكم,يعذبه"
عرض,13,"إعراضهم,اعرضتم,تعرض,تعرضوا,عارضا,عرض,عرضة,عرضنا,عرضهم,فاعرضوا,معرضون,وعرضوا,يعرضوا"
عزز,8,"اعز,العزة,العزيز,بعزة,عزما,عزيز,عزين,وتعز"
عصر,3,"إعصار,العصر,يعصرون"
عصي,14,"اعصي,افعصيت,عصاك,عصاه,عصوا,عصوني,عصيته,فعصوا,والعصيان,وعصوا,وعصيتم,وعصيهم,ومعصيت,يعصون"
عطي,3,"اعطىا,فتعاطىا,يعطيك"
عظي,4,"اعظك,عظيما,فعظوهن,وعظهم"
عظم,8,"اعظم,العظام,العظيم,بعظم,عظامه,واعظم,ويعظم,يعظم"
عقب,11,"اعقابنا,العقاب,عاقب,عاقبتم,عقاب,عقباها,عقبى,فعاقبوا,معقبات,وعقبى,يعقوب"
علن,2,"اعلنتم,وعلانية"
عمل,17,"اعمالا,اعمالنا,اعملوا,العاملون,تعمل,عامل,عاملون,عملا,عملتم,عملك,عمله,عملوا,واعملوا,والعمل,وعمله,ويعمل,يعمل"
عمم,3,"اعمامكم,عم,عمك"
عنب,4,"اعناب,واعناب,والاعناب,وعنب"
عنق,3,"اعناقهم,الاعناق,عنقك"
عهد,11,"اعهد,بالعهد,بعهد,بعهده,بعهدي,عاهدت,عاهدوا,عهدا,عهده,عهدي,وعهدهم"
عيب,1,اعيبها
عوذ,3,"اعيذها,معاذ,واعوذ"
غدي,4,"اغدوا,بالغدو,غدا,غدوت"
اغرقناهم,1,اغرقناهم
غوش,6,"اغشيت,المغشي,غاشية,غواش,واستغشوا,يغشي"
غفل,6,"اغفلنا,الغافلون,بغافل,غافلا,غافلين,لغافلون"
غني,10,"اغنت,اغنىاهم,اغنياء,تغني,غني,واستغنى,يغن,يغنوا,يغنيا,يغنيه"
غور,9,"اغير,الغار,غير,غيره,غيري,لغير,مغيرا,يتغير,يغيروا"
افاء,1,افاء
صفا,7,"افاصفىاكم,الصافات,صافات,صفا,مصفى,واصفىاكم,والصافات"
فوق,7,"افاق,الافاق,فوق,فوقكم,فوقها,فوقهن,فوقىاهم"
فين,7,"افانت,المفتون,فان,فانت,فانتم,فانه,فاين"
افإين,1,افإين
افبعذابنا,1,افبعذابنا
افبهاذا,1,افبهاذا
افتتخذونه,1,افتتخذونه
وتد,2,"افتدت,لافتدت"
فرأ,10,"افتراء,افترىاه,افترينا,افرءيتم,فارىاه,فرات,لتفتري,مفتريات,يفترىا,يفر"
فني,3,"افتنا,فانا,يفتنوك"
فوح,3,"افحكم,فاحيا,فيحي"
فدي,5,"افدتهم,فداء,فدكتا,وافدتهم,وفدا"
سحر,14,"افسحر,الساحرون,السحرة,بسحر,بسحره,تسحرون,ساحر,سحار,سحران,سحروا,لتسحرنا,لساحران,لسحر,مسحورا"
فصح,1,افصح
فضي,1,افضىا
أفك,8,"افك,إفكا,إفكهم,ائفكا,تؤفكون,والمؤتفكات,يافكون,يؤفكون"
فلي,8,"افلا,فلانا,فلما,فلها,فلهما,فلو,فليات,فلياتنا"
فلح,4,"افلح,المفلحين,تفلحوا,يفلحون"
ما,6,"افما,اليما,اما,إماما,فما,ما"
فنن,2,"افنان,يفتننكم"
افنضرب,1,افنضرب
فوج,2,"افواجا,فوج"
في,8,"افي,الفينا,فيكم,فيما,فينا,فيهم,فيهن,وفيكم"
قبل,21,"اقبل,القبلة,تقبلوا,فاقبل,فاقبلوا,فتقبلها,قبل,قبلة,قبلتهم,قبلكم,قبله,قبلهم,قبيلا,متقابلين,مستقبل,واقبلوا,وتقبل,وقبائل,وقبيله,يتقبل,يقبل"
قتت,1,اقتت
قتد,2,"اقتده,مقتدون"
قرب,16,"اقتربت,اقربهم,القربىا,المقربون,بقربان,بقريب,تقربكم,تقربون,قربا,قربانا,قربىا,قريب,لاقرب,مقربة,والاقربين,يقربوا"
قدم,8,"اقدامكم,الاقدمون,تقدم,قدم,قدمتم,قدموا,والاقدام,وقدموا"
قذف,5,"اقذفيه,فقذفناها,وقذف,ويقذفون,يقذف"
قرأ,9,"اقرا,القرىا,فاقرءوا,قروء,قرى,قرية,قرينا,مستقرا,وقرونا"
قسط,4,"اقسط,القسط,المقسطين,واقسطوا"
قسم,7,"اقسمتم,تقاسموا,تقسموا,فالمقسمات,قسمة,مقسوم,يقسم"
قصا,4,"اقصا,الاقصا,القصوىا,قصيه"
قطر,2,"اقطار,قطران"
قعد,13,"اقعدوا,القاعدين,القواعد,تقعدوا,فاقعدوا,فتقعد,قاعدون,قعيد,لاقعدن,مقاعد,واقعدوا,والقواعد,وقعدوا"
قلل,12,"اقل,تقل,فقلت,فقليلا,قل,قلتم,قلن,قليل,قليلة,لقلنا,وقلن,وقليل"
قلم,3,"اقلامهم,القلم,بالقلم"
قلع,1,اقلعي
قمأ,5,"اقمتم,تقم,قم,واقم,ومقاما"
قوت,1,اقواتها
اك,1,اك
كود,12,"اكاد,المكيدون,فكيدون,كاد,كيد,كيدكم,كيده,كيدهن,كيدي,لاكيدن,وكادوا,يكادون"
اكبرنه,1,اكبرنه
كتب,22,"اكتتبها,الكتاب,بكتابكم,ستكتب,سنكتب,فاكتبنا,كاتبا,كاتبين,كتاب,كتابك,كتابه,كتابهم,كتب,كتبنا,لكتاب,للكتب,واكتب,والكتاب,وكتاب,وكتبه,وليكتب,يكتب"
كسب,8,"اكتسبت,اكتسبوا,تكسبون,كسب,كسبت,كسبوا,يكسب,يكسبون"
كذب,21,"اكذبتم,الكاذبون,الكذب,المكذبون,تكذبان,تكذبون,فكذبت,فكذبوا,كاذب,كاذبة,كاذبين,كذابا,كذبا,كذبتم,كذبوا,لكاذبون,للمكذبين,مكذبين,وكذبتم,يكذبك,يكذبون"
كره,8,"إكراههن,اكره,تكرهوا,كارهين,كرهوا,وكره,وكرهوا,يكرههن"
كرم,7,"اكرمن,الاكرم,تكرمون,فاكرمه,كرام,كرمنا,مكرمة"
كشف,8,"اكشف,فكشفنا,كاشفات,كاشفوا,كشف,كشفنا,وكشفت,ويكشف"
كفر,40,"اكفر,اكفرتم,الكافر,الكافرين,الكفار,الكفرة,الكفور,الكوافر,بالكافرين,بالكفر,بكافرين,بكفرك,تكفروا,سيكفرون,فتكفرون,فكفارته,فكفروا,كافرة,كافرين,كفار,كفارة,كفرا,كفرت,كفرنا,كفرهم,كفور,لاكفرن,لتكفرون,لكافرون,لكفرنا,للكفر,ليكفروا,والكافرون,وبكفرهم,وكفرا,وكفرتم,وكفرهم,ونكفر,ويكفرون,يكفروا"
كفل,4,"اكفلنيها,كفلين,وكفلها,يكفله"
كلأ,8,"اكلا,تكليما,فكلا,فكلوه,كل,كلاهما,كلوا,وكلا"
أكل,12,"اكله,تاكله,تاكلون,فاكله,فتاكل,لاكلون,للاكلين,لياكلون,واكلهم,وتاكلون,ياكله,ياكلوا"
كمم,2,"اكمامها,الاكمام"
ال,1,إل
لا,4,"إلا,اللات,لات,ولاتم"
برر,1,الابرار
بل,1,الإبل
بيض,5,"الابيض,بضنين,بيض,تبيض,وابيضت"
جدث,1,الاجداث
خدد,1,الاخدود
خسر,10,"الاخسرين,الخاسرين,المخسرين,بالاخسرين,تخسير,خاسرين,خسارا,خسرا,خسروا,يخسر"
خلي,2,"الاخلاء,خالاتك"
خور,12,"الاخيار,الخير,الخيرة,بالخيرات,تخيرون,خير,خيرات,واختار,والخير,وخير,ويختار,يتخيرون"
أرك,1,الارائك
سود,3,"الاسود,مسودة,وسيدا"
شرر,1,الاشرار
عرب,3,"الاعراب,عربي,وعربي"
عرج,3,"الاعرج,كالعرجون,يعرج"
علون,1,الاعلون
علا,14,"الاعلىا,تعالى,تعلوا,تفعلوه,عالية,عاليها,علا,علوا,عليا,فاعتلوه,فتعالىا,وتعالىا,وعلما,وعلوا"
غلل,6,"الاغلال,غل,مغلولة,والاغلال,يغل,يغلل"
أفل,1,الافلين
اقاويل,1,الاقاويل
لبب,2,"الالباب,الباب"
لوح,4,"الالواح,الواح,لاحتنكن,ليوحون"
منا,9,"الامانات,الاماني,اماناتكم,اماني,امتنا,تمنىا,منا,وامنا,ومامنا"
مدي,6,"الامد,امدكم,مدا,مدت,ونمد,يمدكم"
أمر,19,"الامرون,امرت,امرتني,امركم,امره,امرهم,ايامركم,بامر,بامره,تؤمرون,لامر,والامر,وامرنا,وامرهم,ويامركم,ياتمرون,يامر,يامرهم,يؤمرون"
لمم,2,"الامم,اللمم"
مول,11,"الاموال,المال,اموالا,اموالنا,باموال,باموالهم,تميلوا,فمال,مال,ميلا,واموالا"
حمم,2,"الحميم,حميم"
لوم,5,"الامي,بملوم,لايمانكم,ولوموا,يتلاومون"
أنث,6,"الانثىا,إناثا,انثىا,كالانثىا,والانثىا,وإناثا"
جول,1,الإنجيل
عوم,6,"الانعام,انعام,انعامكم,عام,عامين,ولانعامكم"
فول,3,"الانفال,الفيل,فول"
فطر,7,"الانفطار,انفطرت,فاطر,فطرت,فطرنا,فطرهن,فطور"
أهل,9,"الاهلة,اهله,اهلهم,اهلي,اهليهم,لاهله,واهله,واهليكم,يااهل"
هون,8,"إلاهين,المهين,الهون,اهون,ساهون,هاانتم,هون,هين"
وثن,1,الاوثان
ليل,13,"الاول,الليل,اليل,لاول,للتي,لولا,لولوا,لوليت,ليالي,لئلا,ليلها,ليولن,ولولا"
ولي,34,"الاولىا,الولاية,الولي,اولا,اولات,اولائك,اولو,اولى,اولىاهم,اولي,اولياءه,تولاه,تولوهم,توليتم,فاولىا,لاولىاهم,مولىا,مولىانا,مولىاهم,والاولىا,واولات,واولائك,وتولىا,ولا,ولك,ولن,ولوا,ولىاهم,وليا,ومواليكم,ويولون,يتولى,يولهم,يولون"
اول,2,"الاولين,واولوا"
يوم,7,"الايامىا,اليوم,ايام,بيوم,ويميت,يميتكم,يوم"
يود,19,"الايد,ايد,ايدك,ايديكم,ايديهم,ايديهن,باييد,وايدهم,وايديكم,وليدا,يدا,يداك,يدك,يده,يدينون,يديها,يوادون,يوده,يودوا"
ايكة,1,الايكة
يمن,18,"الإيمان,الميمنة,ايمان,ايمانكم,إيمانه,ايمانهم,ايمانهن,بالإيمان,باليمين,بإيمانكم,بإيمانهن,بيمينه,للإيمان,وايمانهم,ويامنوا,يامن,يمنون,يمينك"
لبس,6,"الباس,تلبسون,لباسا,ولباسهم,وليلبسوا,يلبسوا"
بطل,3,"الباطل,بالباطل,مبطلون"
بحر,4,"البحار,البحران,بحور,والبحر"
برق,2,"البرق,برق"
بطن,8,"البطون,باطنه,بطائنها,بطنه,بطون,بطونها,والباطن,وباطنة"
بعد,11,"البعيد,ببعيد,بعاد,بعد,بعدت,بعدك,بعده,بعدهم,بعدي,بعيد,فبعدا"
بغض,1,البغضاء
بقر,2,"البقر,بقران"
بقع,2,"البقعة,بقيعة"
بلد,6,"البلاد,البلدة,بلد,بلدة,بوالديه,لبلد"
بلاؤا,2,"البلاؤا,بلاؤا"
بنن,4,"البنون,بنان,بنون,والبنون"
بور,5,"البوار,بورا,بورك,تبور,وبئر"
بوت,12,"البيت,البيوت,التابوت,بالبيت,بيت,بيتك,بيتها,بيوت,بيوتكم,بيوتنا,بيوتهن,والبيت"
بين,21,"البينات,المبين,باننا,بانهم,بيان,بيناه,بينت,بينكم,بينه,بينهم,بينهن,تبين,ربانين,فتبينوا,لتبين,مبينة,وبين,وبينك,وبينه,وبينهما,وليبينن"
روث,1,التراث
عفف,2,"التعفف,وليستعفف"
لقي,22,"التقى,القى,القي,المتلقيان,بلقاي,تلقاء,تلقوه,فتلقىا,لقاء,لقائه,لقوكم,لقيا,لقينا,ملاقيكم,والقى,وتتلقىاهم,ولقاء,ولقائه,ويلقوا,يلتقيان,يلقىا,يلقىاها"
لوق,3,"التلاق,لوقتها,يلاقوا"
نود,5,"التناد,نادوا,ونادوا,ونودوا,يناد"
نوش,1,التناوش
هلك,16,"التهلكة,المهلكين,اهلك,اهلكتهم,اهلكناها,اهلكني,فاهلكنا,فاهلكوا,ليهلك,مهلك,مهلكوا,مهلكي,هالك,واهلكنا,يهلك,يهلكون"
ويب,5,"التوابين,اواب,واباءهم,يبيتون,يبينها"
ثبت,6,"الثابت,ثبات,ثبوتها,فثبتوا,لنثبت,نثبت"
ثلث,7,"الثالثة,الثلاثة,الثلثان,بثالث,ثلاثة,ثلاثين,ثلثا"
ثمن,4,"الثمن,ثمانية,وثامنهم,وثمانية"
جاثية,1,الجاثية
لجن,1,الجان
جهل,6,"الجاهلون,الجاهلين,تجهلون,جاهلون,جهولا,يجهلون"
جبر,4,"الجبار,بجبار,جبار,جبارين"
جبل,3,"الجبل,جبلا,والجبال"
جدر,2,"الجدار,واجدر"
جزأ,15,"الجزاء,تجزىا,جزء,جزاء,جزيتهم,سيجزيهم,ليجزي,ليجزيهم,وجزىاهم,وسيجزي,ولتجزىا,ويجزي,يجز,يجزى,يجزىاه"
جلي,5,"الجلاء,تجلىا,جالوت,جلىاها,وجلت"
جمل,4,"الجميل,جمال,جملة,جميلا"
جني,5,"الجنات,جنات,جنيا,وجنات,ونجني"
جنن,8,"الجنة,بمجنون,جنتان,جنته,جنتين,مجنون,والجن,وجنت"
جند,8,"الجنود,بالجنود,بجنود,جند,جندنا,جنودا,وجنود,وجنوده"
جود,4,"الجودي,الجياد,المجيد,مجيد"
حفر,1,الحافرة
لحب,1,الحب
لحج,1,الحج
حوج,9,"الحجة,بالحج,تحاجون,حاجة,حاجك,حج,حجة,حجتهم,والحج"
حجر,4,"الحجرات,حجر,حجوركم,محجورا"
حدد,4,"الحديد,حدود,حديد,يحادد"
حرم,14,"الحرام,المحرم,تحرموا,حرام,حرمت,حرمها,محرم,محرمة,والمحروم,وحرام,وحرمنا,ومحرم,ويحرم,يحرمون"
حرث,5,"الحرث,تحرثون,حرث,حرثه,والحرث"
حرر,5,"الحرور,تحرير,حرير,وتحرير,وحريرا"
حزب,3,"الحزبين,حزب,والاحزاب"
حطب,1,الحطب
لحق,2,"الحق,يلحقوا"
حقق,10,"الحقنا,حقا,حقت,حقيق,فالحق,فحق,للحق,ليحق,والحقني,وحق"
حمد,6,"الحمد,الحميد,بحمدك,حميد,محمودا,يحمدوا"
حنث,2,"الحنث,تحنث"
حري,3,"الحواريون,بالحر,حرما"
حوت,4,"الحوت,تحيتهم,حياتنا,حيتانهم"
لحي,3,"الحي,لحكم,لحياتي"
خيط,4,"الخاطون,الخياط,خاطين,لخاطين"
خلق,22,"الخالق,الخالقين,الخلاق,بخلاقكم,بخلق,خالق,خلاق,خلق,خلقت,خلقتني,خلقك,خلقنا,خلقناهما,خلقه,خلقهم,خلقوا,فخلقنا,وخلقته,وخلقناكم,ويخلق,يخلقكم,يخلقون"
خوض,4,"الخائضين,خوض,نخوض,يخوضون"
خبأ,1,الخبء
خبث,3,"الخبيث,خبث,للخبيثات"
خرطوم,1,الخرطوم
خصم,6,"الخصام,تخاصم,تختصمون,خصمان,خصيم,يختصمون"
خطب,4,"الخطاب,خاطبهم,خطبك,خطبكما"
خنس,2,"الخناس,بالخنس"
خول,3,"الخيل,مختال,يخيل"
الداع,1,الداع
درج,2,"الدرجات,درجات"
دمع,1,الدمع
دهر,1,الدهر
دور,10,"الدوائر,تديرونها,دار,دارهم,دائرة,ديارا,ديارنا,وديارهم,ولدار,وللدار"
دون,16,"الدين,بالدين,تداينتم,دان,دونك,دوننا,دونها,دونهما,دين,دينكم,دينهم,للدين,مدينين,ودين,يمدونهم,ينادونك"
ذبب,1,الذباب
ذنب,9,"الذنوب,بذنبه,بذنوب,بذنوبنا,ذنب,ذنبه,ذنوبا,ذنوبنا,لذنبك"
لذي,4,"الذي,الذين,لذي,ولذي"
رءيا,1,الرءيا
رزق,18,"الرازقين,الرزق,برزق,ترزقانه,رزقا,رزقنا,رزقه,رزقهم,رزقوا,نرزقكم,وارزق,وارزقهم,ورزق,ورزقكم,ورزقني,ويرزقه,يرزق,يرزقها"
رسخ,1,الراسخون
روي,6,"الراي,راوا,راي,مروا,وراوا,ورايتهم"
ربأ,9,"الربواا,بربوة,رابيا,ربا,ربوة,ربياني,والربانيون,وربي,يربوا"
رجز,2,"الرجز,رجز"
رجف,1,الرجفة
رشد,3,"الرشد,رشده,مرشدا"
رعب,2,"الرعب,رعبا"
رفث,2,"الرفث,رفث"
رقب,6,"الرقاب,رقيبا,فارتقب,مرتقبون,يترقب,يرقبوا"
رهب,5,"الرهب,رهبة,ورهبانا,ورهبانية,يرهبون"
روع,4,"الروع,راعون,ريع,وراعنا"
روح,8,"الرياح,بالروح,تريحون,روحا,روحه,ريحا,والروح,وروح"
زود,15,"الزاد,زادتهم,زد,زدني,زيادة,سنزيد,فزادتهم,لازيدنكم,نزيدكم,وزاده,وسنزيد,ويزيد,يزدهم,يزيد,يزيدون"
زنأ,5,"الزاني,الزنىا,زانية,والزاني,وزنوا"
زهد,1,الزاهدين
زبد,2,"الزبد,زبد"
زبر,4,"الزبور,زبر,زبورا,والزبر"
زخرف,3,"الزخرف,زخرف,وزخرفا"
زرع,2,"الزرع,زرع"
زكي,11,"الزكواة,تزكىا,زكواة,زكىاها,زكية,والزكواة,وزكواة,ويزكيكم,يتزكىا,يزكىا,يزكيهم"
زمر,2,"الزمر,زمرا"
زور,3,"الزور,تزاور,وزورا"
سبق,8,"السابقون,تسبق,سابق,سابقون,سبقا,سبقكم,فالسابقات,والسابقون"
سوع,4,"الساعة,بالساعة,ساعة,للساعة"
سمر,2,"السامري,ياسامري"
سول,10,"السائل,السيل,سالتم,سالهم,سولت,سيل,سئلت,للسائلين,مسولون,والسائلين"
سبع,5,"السبع,سبع,سبعة,سبعين,وسبع"
سبل,8,"السبيل,سبلا,سبيل,سبيلك,سبيله,سبيلي,لبسبيل,وسبلا"
ستت,1,الست
سجل,2,"السجل,سجيل"
سحت,1,السحت
سدس,2,"السدس,سادسهم"
سعي,14,"السعي,تسعا,تسعىا,سعة,سعو,سعىا,سعيه,سعيهم,سواعا,واسعة,واليسع,وسعت,وسعها,يسعىا"
سفن,1,السفينة
سقف,3,"السقف,سقفا,والسقف"
وسن,5,"السنتهم,بالسنة,بالسنتهم,سنة,والسنتهم"
سيأ,12,"السيئ,المسيء,بالسيئة,سيء,سياتكم,سياته,سيت,سيئا,سيئه,فسياتيهم,منسيا,والسيات"
شفع,5,"الشافعين,شفاعتهم,شفعاءكم,والشفع,يشفعون"
شجر,6,"الشجر,شجر,شجرت,شجرها,والشجرة,وشجرة"
وشح,1,الشح
شعر,5,"الشعر,الشعرىا,شاعر,يشعركم,يشعرون"
شمل,3,"الشمال,بشماله,وشمال"
شهر,4,"الشهر,الشهور,شهر,شهرين"
شوك,2,"الشوكة,مشيك"
شوط,5,"الشيطان,شياطين,شيطانا,للشياطين,والشياطين"
صعق,4,"الصاعقة,الصواعق,صعقا,يصعقون"
صحف,3,"الصحف,بصحاف,صحف"
صخر,2,"الصخرة,صخرة"
صدف,2,"الصدفين,يصدفون"
صرط,3,"الصراط,صراط,صراطك"
صفف,4,"الصف,تصف,وتصف,وصفهم"
صفح,4,"الصفح,فاصفح,واصفح,وليصفحوا"
صمي,3,"الصم,صم,وصما"
صوم,5,"الصيام,تصوموا,صيام,فصيام,والصائمات"
صيد,1,الصيد
ضالين,2,"الضالين,ضالين"
ضحي,3,"الضحىا,ضحىاها,وضحىاها"
ضراء,3,"الضراء,ضراء,والضراء"
ضعفاؤا,1,الضعفاؤا
ميع,1,الماعون
طغي,9,"الطاغوت,بالطاغوت,بطغوىاها,تطغوا,طغوا,طغيانا,واطغىا,والطاغوت,يطغىا"
طامة,1,الطامة
طلق,6,"الطلاق,انطلقوا,طلقها,فانطلقوا,وللمطلقات,ينطلق"
طوف,9,"الطوفان,طائف,طائفتان,طوافون,فطاف,وليطوفوا,ويطوف,يطاف,يطوف"
طوب,7,"الطيب,بالطيب,طيبات,طيبة,للطيبات,والطيب,والطيبون"
ظل,8,"الظل,ظلة,ظلما,فظلتم,فظلوا,مظلما,وظلما,وظلها"
لظي,2,"الظن,تلظىا"
ظهر,15,"الظهيرة,بظاهر,تظاهرا,ظاهرا,ظهرك,ظهرها,ظهوركم,ظهورها,ظهورهما,ظهيرا,والظاهر,وظاهروا,وظهر,يظاهرون,يظهروا"
عود,11,"العادون,العادين,تعودون,سنعيدها,عيدا,لتعودن,لعاد,نعيدكم,يعودون,يعيدكم,يعيده"
عكف,5,"العاكف,عاكفا,عاكفين,معكوفا,والعاكفين"
عتق,1,العتيق
عرش,6,"العرش,عرش,عرشه,عروشها,معروشات,يعرشون"
عسر,4,"العسرة,تعاسرتم,عسرا,عسير"
عشر,5,"العشار,بعشر,عشرا,عشرون,عشيرتك"
عقد,4,"العقد,بالعقود,عقدة,عقدتم"
علق,3,"العلق,علق,كالمعلقة"
على,3,"العلى,علىا,وعلىا"
علي,7,"العلي,عليكم,علينا,عليها,عليهما,عليون,وعلينا"
عمي,8,"العمي,تعمى,عماتك,عموا,عمى,عميا,وعماتكم,وعميانا"
عنكبوت,1,العنكبوت
عور,3,"العير,عورات,والعير"
غلب,7,"الغالبون,تغلبون,غالبون,غلبت,غلبوا,فغلبوا,يغلبوا"
غين,1,الغاون
غيب,6,"الغائبين,الغيوب,بالغيب,غائبة,غيابت,غيبه"
غرب,5,"الغراب,غربية,غروبها,والمغارب,ومغاربها"
غرف,2,"الغرفات,غرفا"
غرق,2,"الغرق,غرقا"
غرر,4,"الغرور,بغرور,غرورا,يغررك"
غلم,4,"الغلام,بغلام,غلمان,لغلامين"
لغم,1,الغمام
لغا,4,"الغي,لاغوينهم,لغو,ولاغوينهم"
غوث,4,"الغيث,يستغيثان,يغاث,يغوث"
ألف,1,الفا
فتح,12,"الفاتحين,الفتاح,فتح,فتحت,فتحوا,لفتحنا,مفاتحه,مفتحة,واستفتحوا,وفتح,يستفتحون,يفتح"
فسق,9,"الفاسقون,فاسقا,فاسقون,فسق,فسقىا,ففسق,لفاسقين,والفسوق,يفسقون"
فصل,10,"الفاصلين,الفصل,تفصيلا,فصالا,فصلت,مفصلات,وتفصيلا,وفصاله,وفصيلته,ونفصل"
فوز,4,"الفائزون,الفوز,بمفازة,فوزا"
فتن,7,"الفتنة,تفتنون,فتنة,فتنتكم,فتنته,والفتنة,وفتناك"
فجر,7,"الفجار,الفجرة,تفجر,فاجره,فتفجر,فجرت,ليفجر"
فرر,3,"الفرار,فررتم,ففررت"
فرح,7,"الفرحين,تفرح,تفرحون,فرح,فرحون,فروح,يفرحوا"
فرق,19,"الفرقان,الفريقين,تتفرقوا,تفرق,فافرق,فالفارقات,فراق,فرق,فرقانا,فرقت,فريقا,ففريقا,لفريقا,متفرقة,وتفريقا,وفريقا,يتفرقا,يفرق,يفرقون"
فسد,9,"الفساد,المفسد,المفسدين,تفسدوا,فساد,لفسدتا,ليفسدوا,مفسدين,يفسد"
فقر,5,"الفقر,الفقير,فقراه,فقيرا,للفقراء"
فلك,3,"الفلك,فليكونوا,والفلك"
فحش,5,"الفواحش,بالفحشاء,بفاحشة,فاحشة,والفحشاء"
قدر,20,"القادر,القدير,بقدر,بمقدار,تقدير,فقدر,فقدره,قادرون,قدر,قدرنا,قدرناها,قدروا,قديرا,لقادر,مقتدرا,مقداره,نقدر,وقدر,وقدره,يقدرون"
قرع,2,"القارعة,قارعة"
قضي,14,"القاضية,تقضي,فقضىاهن,قضى,قضىاها,قضيت,قضينا,لقضي,ليقضوا,ليقضي,مقضيا,وقضي,يقضون,يقضي"
قنت,3,"القانتين,قانتون,والقانتات"
قنع,1,القانع
قدس,2,"القدس,المقدس"
قرن,8,"القران,القرون,بالقران,قران,قرانه,لقران,مقترنين,وقرانه"
قرد,2,"القردة,قردة"
قرت,3,"القريتين,قرت,قريتكم"
قصص,7,"القصاص,فاقصص,قصصنا,قصصهم,نقصصهم,يقص,يقصون"
قلد,2,"القلائد,والقلائد"
قمر,2,"القمر,والقمر"
قهر,3,"القهار,تقهر,قاهرون"
قول,32,"القول,تقولن,تقولوا,سيقول,فقالت,فقولا,فقولي,قالتا,قالوا,قائلها,قولا,قولكم,قوله,قولهم,قولي,قيلا,لتقولون,لقال,لقولهم,ليقولن,ليقولون,والقائلين,وتقول,وتقولون,وقالت,وقولوا,وليقول,ويقول,ويقولون,يقال,يقول,يقولوا"
قىاه,1,القىاه
كبرياء,1,الكبرياء
كرى,8,"الكرة,سكارىا,كرتين,كرها,كريما,ليمكروا,مكروها,منكرا"
كعب,1,الكعبة
كلب,2,"الكلب,مكلبين"
لكم,3,"الكم,ملتكم,ولكم"
كنز,4,"الكنوز,تكنزون,كنز,كنزهما"
كوثر,1,الكوثر
لعن,12,"اللاعنون,اللعنة,لاعنتكم,لعن,لعناهم,لعنت,لعنتي,لعنهم,ملعونين,ولعنهم,ويلعن,يلعن"
لهب,3,"اللهب,لاهب,لهب"
لهي,5,"اللهو,تلهيهم,له,لهوا,ولهوا"
لؤلو,1,اللؤلو
ألم,2,"الماء,يالمون"
موأ,7,"الماوىا,امواتا,فماوىاهم,ماوىاهم,موته,وامواتا,وماوىاه"
برك,8,"المباركة,باركنا,بركات,تبارك,مبارك,مباركة,وباركنا,وبركات"
بذر,2,"المبذرين,تبذر"
قون,4,"المتقين,قانتا,واتقون,يتقون"
وكل,7,"المتوكلون,اوكلما,توكلنا,فتوكلوا,وتوكل,وكيل,يتوكلون"
متن,2,"المتين,متين"
مثل,14,"المثل,المثلىا,امثالها,امثلهم,بمثله,فمثله,لمثل,مثلا,مثلنا,مثلها,مثلهن,مثليهم,ومثلا,ومثلهم"
جلس,1,المجالس
حظر,2,"المحتظر,محظورا"
حوض,2,"المحيض,يحض"
خبت,1,المخبتين
دثر,1,المدثر
مدين,2,"المدينة,لمدينون"
مرأ,11,"المرء,امرا,امراة,امراتك,امراتي,تتمارىا,مرات,وامراة,وامراتان,وامراتي,وماروت"
رفق,1,المرافق
رعي,2,"المرعىا,ومرعىاها"
رفع,8,"المرفوع,ترفعوا,رفع,رفعه,رفيع,مرفوعة,ورفع,يرفع"
زمل,1,المزمل
لمس,4,"المس,لامستم,لمساكين,لمسنا"
سوق,4,"المساق,سائق,سوقه,يساقون"
سبح,12,"المسبحين,تسبح,تسبيحهم,سبح,سبحان,سبحانه,فسبحان,نسبح,وسبحان,وسبحوا,يسبح,يسبحون"
سخر,7,"المستخرين,تسخرون,سخر,سخرناها,سخروا,وسخر,ويسخرون"
سقر,1,المستقر
سجن,2,"المسجونين,ليسجنن"
مسخر,2,"المسخر,مسخرات"
مسك,9,"المسكين,امسك,امسكهما,ايمسكه,فاستمسك,مستمسكون,مسكين,ممسك,يمسك"
شرق,6,"المشارق,المشرق,شرقيا,مشارق,مشرقين,واشرقت"
وشم,1,المشمة
مصطفين,1,المصطفين
صور,8,"المصور,انصارا,صوركم,مصيركم,منصورا,والانصار,ومصيرا,يصوركم"
مصيطرون,1,المصيطرون
مضطر,1,المضطر
مضغ,1,المضغة
طفف,2,"المطففين,للمطففين"
طهر,9,"المطهرون,تطهرهم,طهرا,مطهرة,واطهر,وطهرك,ومطهرك,يتطهرون,يطهر"
عتب,2,"المعتبين,يستعتبوا"
عذر,3,"المعذرون,عذرا,معذرتهم"
معز,1,المعز
عوق,2,"المعوقين,ويعوق"
مغرب,2,"المغربين,مغرب"
قتر,4,"المقتر,قترة,قتورا,يقتروا"
مكر,8,"المكر,بمكرهن,تمكرون,مكر,مكرهم,ومكرنا,ويمكر,يمكر"
كنن,2,"المكنون,مكنون"
الملإ,1,الملإ
ملأ,11,"الملة,املا,تملىا,ماليه,ملا,ملة,ملوما,واملي,ولملئت,وملاه,يمل"
ملق,2,"الملقين,ملاقوا"
ملك,10,"الملكين,املك,بالملك,تملكهم,مالك,ملك,ملكت,ملكه,ملكين,وملك"
لوك,9,"الملوك,لاكنا,للملائكة,ليكونوا,مليك,والملائكة,ولاكنا,ولاكني,وليكون"
محن,2,"الممتحنة,امتحن"
من,8,"المن,فمن,منتهون,منك,منكن,منه,وبمن,ومنك"
نفق,13,"المنافقون,النفاق,انفقت,انفقوا,تنفقوا,لينفق,منافقون,نفاقا,نفقاتهم,والمنافقات,وانفقوا,ونفاقا,ينفقون"
نوم,5,"المنام,منامك,منامها,نائمون,نوم"
نظر,24,"المنتظرين,المنظرين,الناظرين,انتظروا,انظرنا,انظروا,تنظرون,سننظر,فانتظروا,فانظرني,فانظري,فناظرة,فنظر,لننظر,منتظرون,منظرين,ناظرة,نظر,وانتظر,وانظر,وانظروا,ولتنظر,ينتظرون,ينظروا"
نذر,23,"المنذرين,النذير,انذر,انذركم,انذرهم,تنذر,فانذرتكم,فنذر,لانذركم,لينذر,منذر,منذرين,نذرا,نذرتم,نذورهم,نذيرا,والنذر,وانذر,وتنذر,ولتنذر,ونذر,ونذيرا,وينذر"
نزل,22,"المنزلين,انزل,انزلني,تنزلت,تنزيلا,فانزلنا,فنزل,لتنزيل,لنزلنا,منازل,منزلا,منزلون,نزل,نزلة,نزلنا,نزله,ننزل,وانزل,ونزل,وينزل,يتنزل,ينزل"
شون,5,"المنشون,تمشون,شانهم,ويمشون,يمشون"
نكر,9,"المنكر,انكر,بالمنكر,منكرون,نكر,نكرهم,نكير,والمنكر,ينكرونها"
نور,12,"المنير,بنور,لنريك,لنوره,منيرا,نار,نور,نورنا,نورهم,والنار,والنور,ونورهم"
مهد,2,"المهاد,مهاد"
مهتدون,2,"المهتدون,مهتدون"
مهتدين,1,المهتدين
وزن,4,"الموازين,موازينه,موزون,وزين"
موت,14,"الموت,الميت,امات,امتكم,اموت,بميتين,تموت,تموتون,مات,ماتيا,مائتين,موتتنا,ميت,ميتة"
ميد,3,"المودة,بالمودة,تميد"
وسع,4,"الموسع,لموسعون,واسع,وسع"
ولد,20,"المولود,الوالدان,اولادهم,بولده,لدا,لدنا,لوالديه,مولود,والد,والدة,والوالدات,والولدان,واولادكم,ولد,ولدت,ولده,ولوالديك,وولدا,يلدوا,يولد"
يثق,4,"الميثاق,ميثاق,ميثاقكم,ميثاقهم"
ميعاد,2,"الميعاد,ميعاد"
ندم,2,"النادمين,الندامة"
نزع,11,"النازعات,تنازعوا,تنزع,فتنازعوا,لننزعن,نزاعة,نزعناها,وتنازعتم,ونزع,يتنازعون,ينزع"
نصح,7,"الناصحين,لناصحون,ناصحون,نصحي,نصوحا,وانصح,ونصحت"
قور,2,"الناقور,وقارون"
نجد,2,"النجدين,نجد"
جوي,14,"النجواة,النجوى,انجيتنا,انجيناكم,نجوت,نجوىاكم,نجيا,نجيناكم,وانجينا,وجوها,وجوههم,وجيها,ونجينا,ينجيكم"
نحل,2,"النحل,نحلة"
نخل,4,"النخلة,والنخل,ونخلا,ونخيل"
نسأ,22,"النسوة,إنس,انسىانيه,تنسوا,فانسىاه,منساته,نساءكم,نسائكم,نسائهن,نسوا,نسوي,نسي,نسيت,نسيناكم,ننسىاكم,والإنس,وتنسون,وللنساء,ونساءكم,ونسوا,ونسوه,يانساء"
نشأ,11,"النشاة,انشا,انشاتم,انشانا,انشاناهن,فانشانا,نشاء,وانشانا,وننشئكم,وينشئ,ينشئ"
نصب,6,"النصب,بنصب,ناصبة,نصبا,نصيبا,نصيبهم"
نصف,2,"النصف,نصف"
نطف,1,النطفة
نعم,17,"النعم,النعيم,انعم,انعمنا,بانعم,بنعمت,ناعمة,نعمة,نعمتك,نعمتي,نعمه,نعيم,وانعمت,وبنعمة,ولنعم,ونعم,ونعمه"
نفس,13,"النفوس,انفسكم,انفسهم,بالنفس,بانفسهن,بنفسك,لانفسهم,لنفس,لنفسه,نفس,نفسك,نفسها,وانفسنا"
نمل,2,"النمل,نملة"
نهي,13,"النهىا,إنها,انهارا,فانتهىا,نهوا,نهىاكما,وإنها,وانهارا,ومنهاجا,ونهى,وينهىا,ينهىا,ينهىاهم"
نون,3,"النون,وينون,يتمنونه"
هدهد,1,الهدهد
لهم,2,"الهم,ملتهم"
هىاكم,1,الهىاكم
الواد,1,الواد
ورث,6,"الوارثون,اورثنا,نورث,واورثنا,وورث,يورثها"
وعظ,6,"الواعظين,اوعظت,موعظة,والموعظة,وموعظة,يوعظون"
وان,1,الوانه
وتن,2,"الوتين,يموتون"
وثق,3,"الوثقىا,موثقهم,واثقكم"
وحش,1,الوحوش
ودد,2,"الودود,ودود"
ورد,2,"الوريد,فاوردهم"
وسط,3,"الوسطىا,اوسطهم,يسطون"
وسل,2,"الوسيلة,وسل"
وعد,12,"الوعد,بالوعيد,تواعدتم,توعدون,لموعدهم,موعد,موعدة,موعدكم,موعدهم,واعد,وواعدناكم,يوعدون"
لوف,4,"الوف,لإيلاف,ليوفينهم,وليوفوا"
ويل,9,"الويل,بتاويل,تاويلا,وال,واليل,ويل,ويلك,ويلههم,يلونكم"
الى,2,"إلىا,وإلىا"
لوس,4,"إلياس,اليس,ليوس,وإلياس"
تيم,3,"اليتامىا,لليتامىا,يتامى"
يقن,3,"اليقين,بمستيقنين,يقين"
الي,4,"إلينا,إليها,ياليتنا,ياليتها"
هن,4,"إليهن,بهن,لهن,ولهن"
امة,1,امة
امرؤا,1,امرؤا
شوي,1,امشوا
مطر,3,"امطرت,ممطرنا,وامطرنا"
امك,1,امك
أمم,2,"امم,بإمامهم"
مهي,4,"امه,امهاتكم,مهينا,وامهات"
مهل,3,"امهلهم,كالمهل,ومهلهم"
مون,1,اميون
انا,1,إنا
بتت,2,"انبتت,وانبتت"
نبت,4,"انبتنا,تنبت,فانبتنا,وانبتها"
بعث,12,"انبعث,بعثكم,بعثناكم,بعثه,بمبعوثين,تبعثون,ليبعثن,مبعوثون,وبعثنا,يبعث,يبعثكم,يبعثوا"
نثر,1,انتثرت
نقم,3,"انتقمنا,تنقم,نقموا"
نمي,4,"انتما,انما,اينما,نمن"
انجىانا,1,انجىانا
ندا,9,"اندادا,فنادىا,نادىانا,ناديتم,نادينا,نداء,نديا,ونادىاهما,ينادي"
انزلتموه,1,انزلتموه
انزلناه,1,انزلناه
سلخ,1,انسلخ
شره,3,"انشره,وبشروه,وشروه"
نشق,2,"انشقت,وانشقت"
نصت,1,انصتوا
صرف,9,"انصرفوا,تصرفون,ساصرف,صرف,صرفت,صرفنا,مصرفا,نصرف,يصرفون"
نطق,2,"انطقنا,ينطق"
نفخ,6,"انفخوا,فانفخ,فتنفخ,فنفخنا,نفخ,ونفخت"
فصم,1,انفصام
نقض,4,"انقض,نقضت,نقيض,ينقض"
قلب,19,"انقلبتم,بقلب,تقلبهم,فانقلبوا,قلبك,قلبها,قلبين,قلوب,قلوبكما,قلوبهم,لمنقلبون,منقلب,منقلبون,وقلبه,وقلوبهم,ونقلب,وينقلب,يقلب,ينقلب"
نكأ,2,"انكاثا,نك"
نكح,8,"انكحك,تنكح,فانكحوا,نكح,وانكحوا,يستنكحها,ينكح,ينكحها"
نهم,4,"انهم,فمنهم,منهم,وإنهم"
انىاه,1,إنىاه
نيأ,3,"إني,تنيا,وإني"
هذي,5,"اهاذا,بهاذا,فهاذا,هاذا,وهاذا"
هنن,1,اهانن
هبط,3,"اهبط,اهبطوا,فاهبط"
هدد,3,"اهدك,اهدنا,يهد"
هوي,7,"اهواءكم,باهوائهم,تهوى,تهوي,هو,هوىا,ينتهوا"
و,7,"او,واتت,واتوا,وان,وهما,ويات,وياتينا"
او,2,"اواه,اوت"
وجف,2,"اوجفتم,وجفان"
وحي,10,"اوحي,اوحينا,بالوحي,فاوحىا,واحي,واوحي,وحكما,وحي,ووحينا,يوحىا"
ودي,3,"اوديتهم,واديا,ود"
وزر,3,"اوزار,اوزارها,وزر"
وزع,1,اوزعني
زحزح,2,"بمزحزحه,زحزح"
شطط,1,تشطط
وفي,14,"اوفوا,اوفي,توفته,توفون,توفىاهم,متوفيك,وتوفنا,وفىا,ووفيت,يتوفونهم,يتوفىا,يتوفىاهن,يوف,يوفى"
ولم,3,"اولم,لم,ولم"
اولياؤه,1,اولياؤه
ليي,7,"اوليائكم,لاياتنا,لي,لياتيني,مليا,ولينا,وليهم"
وليس,1,اوليس
اؤنبئكم,1,اؤنبئكم
اوى,1,اوى
ايبتغون,1,ايبتغون
ائتنا,1,ائتنا
ائتوا,1,ائتوا
ائتيا,1,ائتيا
ائن,1,ائن
ائنا,1,ائنا
وبأ,3,"ايوب,توابا,وابا"
باء,1,باء
بإبراهيم,1,بإبراهيم
باتخاذكم,1,باتخاذكم
بوخ,1,باخ
بخع,1,باخع
بيد,7,"بادون,بايدي,بايدينا,بواد,بيدك,بيدي,والباد"
بإذن,1,بإذن
بإذني,1,بإذني
برز,3,"بارزة,لبرز,وبرزوا"
بزغ,1,بازغا
بوس,5,"باس,باسه,بئس,تبتئس,فبئس"
بسط,5,"باسط,بساطا,بسطة,تبسطها,يبسطوا"
بسق,1,باسقات
بسم,2,"باسم,فتبسم"
بيع,6,"باعيننا,بايعتم,ببيعكم,بيع,تبايعتم,وبيع"
فوه,2,"بافواهكم,فيه"
بوق,1,باق
كوب,3,"باكواب,مكتوبا,واكواب"
احقاف,1,بالاحقاف
زلم,1,بالازلام
أفق,1,بالافق
لقب,1,بالالقاب
أنف,2,"بالانف,والانف"
سهر,1,بالساهرة
شمس,3,"بالشمس,شمسا,والشمس"
عدل,3,"بالعدل,تعدل,يعدلون"
عرف,12,"بالعرف,بمعروف,تعرف,عرفا,عرفها,فاعترفنا,فتعرفونها,فعرفهم,لتعارفوا,معروفا,يعرف,يعرفوا"
عشي,6,"بالعشي,عشاء,معاشا,والعشي,وعشيا,يعش"
غمم,1,بالغمام
بلف,1,بالف
قسطاس,1,بالقسطاس
له,3,"بالله,فالله,والله"
بالملإ,1,بالملإ
نوس,3,"بالناس,للناس,والناس"
نوص,2,"بالنواصي,ناصية"
بهل,1,باهلكم
ببابل,1,ببابل
بدر,2,"ببدر,وبدارا"
بضع,2,"ببضاعة,بضاعتنا"
بعض,6,"ببعض,بعضا,بعضنا,بعضها,بعوضة,لبعض"
بكأ,3,"ببكة,وابكىا,وبكيا"
تيح,4,"بتحية,تحت,تحته,تحي"
جهز,2,"بجهازهم,جهزهم"
بجهنم,1,بجهنم
حبل,3,"بحبل,حبالهم,وحبل"
حرب,4,"بحرب,حارب,للحرب,يحاربون"
خزن,4,"بخازنين,تخزون,خزائن,خزنتها"
بخس,3,"بخسا,تبخسوا,يبخسون"
بخل,3,"بخلوا,بخيلك,يبخلون"
خمس,4,"بخمسة,خمسة,خمسين,والخامسة"
دخن,1,بدخان
بدع,1,بدعاء
دمي,4,"بدم,دما,دمتم,والدم"
بدن,3,"بدين,بدينكم,تبدونها"
بذل,1,بذالك
براؤا,1,براؤا
برد,3,"برادي,برد,بردهن"
روس,2,"براس,راسي"
برب,3,"برب,بربكم,بربه"
برزخ,1,برزخ
بره,3,"برهان,برهانكم,فبراه"
برج,2,"بروجا,تبرجن"
زعم,4,"بزعمهم,زعمت,زعيم,يزعمون"
بسأ,2,"بسا,وبست"
بسكارىا,1,بسكارىا
سلط,5,"بسلطان,سلطانا,سلطانيه,لسلطهم,يسلط"
سأل,1,بسؤال
بسر,1,بسورة
سوم,5,"بسيمىاهم,تسيمون,سيماهم,مسومين,يسومهم"
بشركائهم,1,بشركائهم
بشرناك,1,بشرناك
بصل,2,"بصلاتك,وبصلها"
ضور,3,"بضارين,تضار,ضير"
ضرر,6,"بضر,ضر,يضرك,يضرنا,يضرهم,يضرون"
طرد,2,"بطارد,طردتهم"
بطر,1,بطرت
بطش,4,"بطش,بطشتم,نبطش,يبطش"
بعثر,1,بعثر
عصم,3,"بعصم,فاستعصم,يعصمكم"
بعل,2,"بعلها,وبعولتهن"
بعر,1,بعير
بغت,1,بغت
غيظ,3,"بغيظكم,تغيظا,لغائظون"
فضل,7,"بفضل,تفضيلا,فضلا,فضلكم,فضله,وفضلا,يتفضل"
قبس,1,بقبس
قمص,1,بقميصي
بقي,7,"بقوة,بقية,تبقي,سبقونا,وابقىا,واستبقا,ويبقىا"
كوس,1,بكاس
بكت,1,بكت
بكل,1,بكل
كلم,15,"بكلماته,تكلمهم,كلم,كلمات,كلمت,لكلماته,وتكلمنا,وكلم,وكلماته,وكلمته,وكلمهم,ويكلم,يتكلمون,يكلمنا,يكلمهم"
بكم,2,"بكم,وبكم"
لسن,4,"بلسانك,لسان,لسانك,لسنت"
بم,1,بم
بماء,1,بماء
صرخ,3,"بمصرخكم,صريخ,يستصرخه"
بمصيطر,1,بمصيطر
نشر,7,"بمنشرين,تنتشرون,فانتشروا,منتشر,نشرت,نشرك,ينشرون"
وسي,5,"بموسىا,موسىا,وساء,وسواء,يوسا"
بنبإ,1,بنبإ
نهر,5,"بنهر,تنهر,نهارا,نهرا,ونهر"
بهي,1,به
هود,5,"بهاد,هاد,هود,ياهود,يهوديا"
به,1,بهتانا
بهم,2,"بهم,بهيمة"
وجه,3,"بوجهه,توجه,يوجهه"
بي,1,بي
بينا,1,بينا
تاتوا,1,تاتوا
تاتوني,1,تاتوني
تاتيكم,1,تاتيكم
تاتيهم,1,تاتيهم
تاثيما,1,تاثيما
ترك,6,"تارك,تتركه,تركتم,تركنا,فتركه,وتركنا"
تيس,1,تاسوا
تلل,1,تالله
تمر,5,"تامرك,تامرهم,تامروننا,تامرين,لتمرون"
تبتغوا,1,تبتغوا
بد,1,تبد
تبر,2,"تبروا,متبر"
تبوءو,1,تبوءو
تبب,1,تتبيب
جفأ,2,"تتجافىا,واجفة"
تتخذوا,1,تتخذوا
فكر,3,"تتفكرون,ويتفكرون,يتفكروا"
تتناجوا,1,تتناجوا
تيل,4,"تتولوا,تولوا,يتولهم,يتولون"
ثرب,1,تثريب
جدل,8,"تجادلك,جادلتم,جدال,جدلا,وجادلوا,ويجادل,يجادل,يجادلون"
جدي,13,"تجدوا,جد,ستجدني,لاجدن,وجدتم,وجدتها,وجدنا,وجدها,ولتجدنهم,وليجدوا,يجد,يجده,يجدون"
تجر,1,تجرون
جسس,1,تجسسوا
جهر,3,"تجهر,جهر,وجهركم"
حور,3,"تحاوركما,حور,حيران"
حبس,1,تحبسونهما
حوب,10,"تحبوا,حب,حبة,حبه,حوبا,محبة,وحب,ويحب,يحب,يحبهم"
حبن,3,"تحبونها,ويحبونه,يحبونكم"
تحت,1,تحتهم
حرك,1,تحرك
حزن,4,"تحزنوا,ليحزنك,يحزنك,يحزنون"
حوز,3,"تحزني,حزنا,وحزني"
حسد,4,"تحسدوننا,حاسد,حسدا,يحسدون"
حلق,1,تحلقوا
خوف,12,"تخاف,تخافوا,خافوا,خائفين,خوف,خوفهم,خيفته,فاخاف,وخافون,يخاف,يخافه,يخافون"
خفت,3,"تخافت,خافت,خفت"
خرص,2,"تخرصون,يخرصون"
خشي,10,"تخشوا,تخشوه,تخشىا,خشية,خشيته,واخشوا,واخشوني,وخشي,ويخش,يخشىا"
خضع,2,"تخضعن,خاضعين"
تخلقونه,1,تخلقونه
تدخلوها,1,تدخلوها
درن,1,تدرون
دمر,3,"تدمر,دمرنا,ودمرنا"
دهن,2,"تدهن,مدهنون"
ذرأ,21,"تذر,تذرني,تذروه,ذراكم,ذرة,ذرني,ذروا,ذروني,ذريتنا,ذريتهم,ذريتي,فتذروها,فذرهم,فذروها,والذاريات,وتذرون,وذرني,وذرياتنا,وذرية,وذريتها,ويذرهم"
ذود,1,تذودان
تراا,1,تراا
روض,2,"تراض,روضات"
ربص,5,"تربص,تربصون,فتربصوا,متربصون,يتربصون"
ترتدوا,1,ترتدوا
رثي,7,"ترثوا,فرث,ورثوا,ونرثه,ويرث,يرثني,يرثون"
ترجعوهن,1,ترجعوهن
ترجم,1,ترجمون
رجن,5,"ترجون,مرجون,والمرجان,وترجون,ويرجون"
رقأ,5,"ترقىا,رق,فارقوهن,لرقيك,ورقة"
ركض,1,تركضوا
ركن,1,تركنوا
رمي,2,"ترمي,رميت"
وتر,5,"ترن,تريني,والوتر,وترى,وترىاهم"
رهق,4,"ترهقني,ترهقهم,سارهقه,يرهقهما"
ترى,1,ترى
ترىاني,1,ترىاني
تزداد,1,تزداد
زري,2,"تزر,وزرك"
تزرعونه,1,تزرعونه
زوغ,4,"تزغ,زاغ,زاغوا,زيغ"
تزيدونني,1,تزيدونني
تساءلون,1,تساءلون
ستر,2,"تستترون,سترا"
سخف,2,"تستخفونها,فاستخف"
تستطيعوا,1,تستطيعوا
تستعجل,1,تستعجل
تستعجلوه,1,تستعجلوه
تستغفرون,1,تستغفرون
ستف,3,"تستفت,تستفتيان,فاستفتهم"
تستقسموا,1,تستقسموا
تستكثر,1,تستكثر
تستهزءون,1,تستهزءون
سرح,2,"تسرحون,واسرحكن"
سقط,4,"تسقط,ساقطا,سقط,نسقط"
سلل,12,"تسلني,سل,سلالة,ليسل,مسلما,وسلهم,ولتسلن,ويسلون,يتسللون,يسل,يسلكم,يسلون"
سلأ,7,"تسلوا,تسليما,سلاما,فسلوهن,وتسليما,وسلاما,وليسلوا"
تسؤهم,1,تسؤهم
تشاءون,1,تشاءون
شبه,2,"تشابهت,شبه"
شهي,1,تشتهيه
شرب,9,"تشربون,شرابا,شرب,فشاربون,فشربوا,للشاربين,واشربوا,وشراب,يشرب"
شقق,4,"تشقق,شقاقي,يشاقق,يشقق"
صدأ,4,"تصدونا,ليصدوا,وتصدية,وصدوكم"
صعد,2,"تصعدون,صعيدا"
ضرب,10,"تضربوا,ضرب,ضربت,ضربنا,فاضرب,فضربنا,واضربوا,وضربت,يضرب,يضربون"
ضرع,3,"تضرعوا,ضريع,يتضرعون"
تضروه,1,تضروه
وضع,9,"تضعوا,وضع,وضعتها,وضعها,ونضع,ووضع,ووضعنا,ويضع,يضعن"
تضل,1,تضل
طمي,4,"تطمئن,ليطمئن,وتطمئن,ولتطمئن"
طوي,2,"تطوهم,نطوي"
تظن,1,تظن
عثي,1,تعثوا
عدن,4,"تعدون,عدن,وعدناهم,يعدون"
تعضلوهن,1,تعضلوهن
عوف,3,"تعفوا,والعافين,ويعفوا"
تعلمونهم,1,تعلمونهم
تعلموهم,1,تعلموهم
غسل,3,"تغتسلوا,غسلين,فاغسلوا"
غرن,2,"تغرنكم,يغرنكم"
غمض,1,تغمضوا
فوت,6,"تفاوت,فات,فاتكم,فاتنا,فاتوا,فئتين"
فتر,4,"تفتروا,فترىاه,مفترون,يفتر"
تفتؤا,1,تفتؤا
فرن,1,تفرون
فسر,3,"تفسيرا,فاسر,فسيروا"
فعل,18,"تفعلوا,فاعل,فاعلين,فافعلوا,فعلت,فعلتم,فعلتها,فعلنا,فعلوا,فعلى,فعليكم,فعليها,فعليهن,نفعل,وفعلت,ويفعل,يفعل,يفعلوا"
فقه,3,"تفقهون,ليتفقهوا,يفقهوا"
فند,2,"تفندون,فنادته"
فيأ,2,"تفيء,في"
فوض,2,"تفيضون,وافوض"
تقاتلوهم,1,تقاتلوهم
قلي,6,"تقتلوه,فاقتلوهم,قالا,واقتلوهم,يقتلوك,يقتلونني"
تقربوهن,1,تقربوهن
قرض,2,"تقرضوا,واقرضتم"
قصر,5,"تقصروا,قاصرات,قصورا,كالقصر,ومقصرين"
قعي,3,"تقع,قاعا,وقعت"
كبي,2,"تكتبوها,مكبا"
كتم,6,"تكتمون,كتم,ليكتمون,وتكتمون,يكتم,يكتمها"
كلف,3,"تكلف,كالف,نكلف"
تكون,5,"تكونوا,فتكونون,لتكونن,وتكونوا,ولتكونن"
لبث,7,"تلبثوا,فلبثت,لبث,لبثتم,لبثوا,ولبثوا,يلبثون"
لقف,1,تلقف
لقن,2,"تلقون,يلقون"
تلا,6,"تلك,تلكما,تلوته,تليت,نتلوها,واتل"
تله,2,"تلهكم,ويتلوه"
مور,2,"تمار,لامارة"
يتم,6,"تمت,تمنوا,فتم,متم,واتيتم,يتم"
متر,1,تمترون
مدن,1,تمدن
مرح,1,تمرحون
مسس,4,"تمسسه,مساس,يمسسك,يمسسني"
تمسكوهن,1,تمسكوهن
مسي,7,"تمسون,تمسوهن,مس,مسكم,مسني,وليمسنكم,يمسه"
منن,2,"تمنن,ممنون"
تناجيتم,1,تناجيتم
نول,5,"تناله,سينالهم,نوله,يناله,ينالوا"
تنبونه,1,تنبونه
تنجيكم,1,تنجيكم
تنصروه,1,تنصروه
نفذ,1,تنفذوا
نفر,7,"تنفروا,فانفروا,مستنفرة,نفرا,نفورا,نفيرا,ونفور"
نفع,9,"تنفع,تنفعها,نفعا,نفعهما,ومنافع,ينفع,ينفعكم,ينفعه,ينفعونكم"
نقذ,1,تنقذ
نقص,4,"تنقصوا,نقص,ننقصها,ينقص"
تنكحوهن,1,تنكحوهن
نكص,2,"تنكصون,نكص"
تهتدون,1,تهتدون
هجر,8,"تهجرون,فتهاجروا,مهاجرا,مهجورا,هاجرن,هجرا,واهجرني,يهاجر"
أتن,10,"تؤتون,لاتيناهم,واتيناهم,واتيناك,والمؤتون,وتاتون,ياتون,ياتوننا,ياتينكم,يؤتون"
تؤتوه,1,تؤتوه
أثر,5,"تؤثرون,فاثرن,نؤثرك,ويؤثرون,يؤثر"
تؤدوا,1,تؤدوا
تؤزهم,1,تؤزهم
وصي,8,"توصون,واوصاني,وصىا,وصية,وصينا,ووصىا,يوصىا,يوصيكم"
وفق,4,"توفيقي,وتوفيقا,وفوق,يوفق"
وقن,3,"توقنون,موقنون,يوقنون"
وكد,1,توكيدها
يمم,3,"تيمموا,مم,ممن"
ثقب,1,ثاقب
ثجج,1,ثجاجا
ثقف,1,ثقفوا
ثمودا,1,ثمودا
ثوب,6,"ثوابا,ثياب,ثيابكم,ثيابهن,فاثابهم,لمثوبة"
جاء,1,جاء
جاءتك,1,جاءتك
جاءتنا,1,جاءتنا
جاءتها,1,جاءتها
جاءك,1,جاءك
جاءنا,1,جاءنا
جاءه,1,جاءه
جاءهم,1,جاءهم
جاءوك,1,جاءوك
جاءوها,1,جاءوها
جثم,1,جاثمين
جادلوك,1,جادلوك
جهد,7,"جاهداك,جهاده,جهد,والمجاهدون,وجاهدهم,وجهاد,يجاهدوا"
جوز,3,"جاوزه,وجاوزنا,ونتجاوز"
جحد,3,"جحدوا,وجحدوا,يجحد"
جدد,2,"جدد,جديدا"
جذع,2,"جذع,جذوع"
جرح,1,جرحتم
جرف,1,جرف
جزاؤكم,1,جزاؤكم
جزاؤهم,1,جزاؤهم
جسد,1,جسدا
لوب,3,"جلابيبهن,ولابين,وليبكوا"
جلد,4,"جلود,جلودكم,فاجلدوا,لجلودهم"
جمعناهم,1,جمعناهم
جوف,1,جوفه
جئت,1,جئت
جئتكم,1,جئتكم
جئتمونا,1,جئتمونا
جئتهم,1,جئتهم
جئنا,1,جئنا
جئناكم,1,جئناكم
حجز,1,حاجزا
حود,1,حاد
حوم,1,حام
حبط,6,"حبطت,فاحبط,فحبطت,لحبط,ليحبطن,وسيحبط"
حتى,1,حتىا
حجب,1,حجابا
حدق,2,"حدائق,وحدائق"
حذر,6,"حذر,حذرهم,فاحذروا,محذورا,واحذروا,يحذر"
حرج,1,حرجا
حرس,1,حرسا
حرص,1,حرصتم
حرض,2,"حرضا,وحرض"
حرقوه,1,حرقوه
حسر,2,"حسرة,ياحسرتنا"
حسس,2,"حسيسها,فتحسسوا"
حصد,2,"حصاده,حصيدا"
حصحص,1,حصحص
حظي,1,حظا
حفي,1,حفيا
حكما,1,حكما
حكي,1,حكيما
حلي,5,"حلا,حلية,حليما,محلي,وحلوا"
حلف,4,"حلفتم,سيحلفون,وليحلفن,يحلفون"
حمأ,3,"حم,حمية,يحمىا"
حمر,3,"حمارك,حمر,والحمير"
حنف,2,"حنفاء,حنيفا"
حول,5,"حولا,حولكم,حولها,حولين,يحول"
حين,2,"حين,كالحون"
خدع,2,"خادعهم,يخدعون"
خيس,1,خاسين
خشع,4,"خاشعة,خاشعين,خشوعا,والخاشعات"
خمد,1,خامدون
خيب,1,خائبين
خبل,1,خبالا
خبز,1,خبزا
ختر,1,ختار
ختم,4,"ختم,وخاتم,وختم,يختم"
خرب,2,"خرابها,يخربون"
خردل,1,خردل
خشب,1,خشب
خضر,2,"خضر,مخضرة"
خطف,6,"خطف,فتخطفه,نتخطف,ويتخطف,يتخطفكم,يخطف"
خفف,1,خفيفا
خلل,4,"خلالكم,خلالها,خلت,وتخلت"
خلفتموني,1,خلفتموني
خلقن,1,خلقناه
خمر,1,خمر
خنزير,1,خنزير
خولناه,1,خولناه
دوب,3,"داب,دابة,والدواب"
دحض,2,"داحضة,ليدحضوا"
داخرين,1,داخرين
دوم,2,"دامت,دائمون"
دود,2,"داود,وداود"
دحىاها,1,دحىاها
دخلتموه,1,دخلتموه
درس,3,"دراستهم,درست,وإدريس"
دعاؤكم,1,دعاؤكم
دفأ,1,دفء
دكاء,1,دكاء
دكك,1,دكت
دله,1,دلوه
دماؤها,1,دماؤها
دول,1,دولة
ذا,1,ذا
ذرع,2,"ذراعا,ذرعها"
ذكي,1,ذكيتم
ذلل,3,"ذللا,ذلولا,وذللناها"
راك,1,راك
راها,1,راها
رءوسكم,1,رءوسكم
رءوف,1,رءوف
رءياي,1,رءياي
راته,1,راته
ريف,1,رافة
روق,1,راق
راودوه,1,راودوه
راوه,1,راوه
راوهم,1,راوهم
رايتموه,1,رايتموه
ربط,2,"ربطنا,وربطنا"
رتق,1,رتقا
رجس,2,"رجس,رجسهم"
رجم,2,"رجيم,لنرجمنكم"
رحب,1,رحبت
رحل,1,رحلة
رحمناهم,1,رحمناهم
رحق,1,رحيق
رحي,2,"رحيما,وسرحوهن"
رددناه,1,رددناه
رزقناه,1,رزقناه
رصد,3,"رصدا,مرصد,وإرصادا"
رطب,1,رطبا
رقد,1,رقود
ورك,1,ركاما
رمض,1,رمضان
رهوا,1,رهوا
رهن,1,رهينة
ركد,1,رواكد
زادوكم,1,زادوكم
زول,5,"زالتا,زوال,فزيلنا,لتزول,يزال"
زجر,1,زجرا
زرق,1,زرقا
زقم,1,زقوم
زلزالا,1,زلزالا
زلزل,1,زلزلة
زلق,1,زلقا
زنجبيلا,1,زنجبيلا
زهر,1,زهرة
زوجناكها,1,زوجناكها
زيتونة,1,زيتونة
زيي,2,"زينا,وزيناها"
زون,3,"زينتكم,زينتهن,وزينتها"
ساءت,1,ساءت
ساتلوا,1,ساتلوا
سوك,1,ساكنا
سلت,1,سالتك
سالتموهن,1,سالتموهن
سلق,1,سالقي
سمد,1,سامدون
سيب,1,سائبة
سوغ,2,"سائغ,يسيغه"
سبإ,1,سبإ
سحب,3,"سحاب,يستحبون,يسحبون"
سدر,1,سدر
سدي,1,سدى
سرابيل,1,سرابيل
سرج,1,سراجا
سرادقها,1,سرادقها
سرب,1,سربا
سعد,2,"سعدوا,وسعيد"
سعر,1,سعيرا
سكر,2,"سكرا,سكرت"
سلسل,1,سلسلة
سلك,5,"سلككم,فاسلكي,لتسلكوا,وسلك,يسلكه"
سمم,1,سموم
سميتموها,1,سميتموها
سمن,2,"سمين,يسمن"
نبل,2,"سنابل,ولنبلونكم"
سنبل,1,سنبلة
نجز,4,"سنجزي,نجازي,نجزيه,ولنجزين"
ندس,1,سندس
نسم,1,سنسمه
نطع,1,سنطيعكم
سنن,1,سنين
سوط,1,سوط
طوق,2,"سيطوقون,طاقة"
هدن,7,"سيهدين,فهديناهم,هديناه,ولهديناهم,وهديناه,يمهدون,يهدون"
هزم,2,"سيهزم,مهزوم"
شخص,1,شاخصة
شوق,1,شاقوا
شمخ,1,شامخات
شحم,1,شحومهما
شرع,2,"شرع,شرعة"
شركاؤكم,1,شركاؤكم
شركاؤهم,1,شركاؤهم
شركائهم,1,شركائهم
شطر,1,شطره
شطأ,1,شطه
شعب,2,"شعب,شعيب"
شغف,1,شغفها
شغل,1,شغلتنا
شفي,2,"شفاء,ويشف"
شفعاؤنا,1,شفعاؤنا
شكل,1,شكله
شهب,1,شهاب
شوظ,1,شواظ
شوب,2,"شيبا,متشابها"
شئتما,1,شئتما
شيخ,2,"شيخا,شيوخا"
صرم,2,"صارمين,ليصرمنها"
صغر,2,"صاغرون,صغيرا"
صمت,1,صامتون
صبب,1,صببنا
صدد,6,"صددتم,صديد,وصدها,ويصدون,يصدكم,يصدنكم"
صدر,5,"صدرا,صدره,صدور,صدورهم,يصدر"
صدقناهم,1,صدقناهم
صرح,1,صرحا
صرصر,1,صرصرا
صغي,2,"صغت,ولتصغىا"
صفر,2,"صفر,مصفرا"
صفصف,1,صفصفا
صلد,1,صلدا
صنع,4,"صنع,صنعة,ويصنع,يصنعون"
صنوان,1,صنوان
صوع,1,صواع
صوامع,1,صوامع
صوما,1,صوما
صوح,1,صيحة
ضيق,5,"ضاقت,ضيقا,وضاقت,ويضيق,يضيق"
ضبح,1,ضبحا
ضربوه,1,ضربوه
ضنك,1,ضنكا
ضيف,2,"ضيف,ضيفي"
طاغون,1,طاغون
طلي,2,"طالوت,فطل"
طبق,2,"طباقا,طبقا"
طبع,4,"طبع,فطبع,نطبع,وطبع"
طحىاها,1,طحىاها
طرا,2,"طريا,مطرا"
طرق,1,طريقا
وطس,1,طس
طفل,1,طفلا
طلقتموهن,1,طلقتموهن
طمس,3,"طمست,فطمسنا,نطمس"
طول,3,"طولا,طويلا,فتطاول"
طين,2,"طين,يطون"
ظاهروهم,1,ظاهروهم
ظعن,1,ظعنكم
ظلل,6,"ظل,ظلال,ظلاله,ظلل,ظليل,وظلالهم"
ظلمناهم,1,ظلمناهم
ظلمونا,1,ظلمونا
ظمأ,1,ظما
ظنا,1,ظنا
ظننا,1,ظننا
ظنن,3,"ظننتم,وظننتم,يظنون"
ظنوا,1,ظنوا
عتي,3,"عاتية,عتوا,وعتوا"
عصف,2,"عاصفة,فالعاصفات"
عقر,2,"عاقر,فعقر"
عبر,2,"عبرة,فاعتبروا"
عبس,1,عبوسا
عتل,1,عتل
عدد,2,"عددا,معدودات"
عزي,1,عزا
عزم,1,عزموا
عسعس,1,عسعس
عسل,1,عسل
عسي,3,"عسىا,فعسى,وعسىا"
عصب,2,"عصبة,عصيب"
عضد,1,عضدك
عوض,2,"عضين,يعض"
عطاؤنا,1,عطاؤنا
عطل,2,"عطلت,معطلة"
عفر,1,عفريت
عفونا,1,عفونا
عقم,1,عقيم
علماؤا,1,علماؤا
علمتموهن,1,علمتموهن
عمد,2,"عمد,متعمدا"
عمن,1,عمين
عني,4,"عنا,عني,فمتعناهم,متعناه"
سهم,2,"فساهم,مسهم"
عند,7,"عند,عندكم,عنده,عندهم,عنيدا,وعندنا,وعندهم"
عن,3,"عنك,عنه,عنهم"
عوج,1,عوج
عوقب,1,عوقب
عيس,2,"عيسىا,وعيسى"
عيي,4,"عينا,عيونا,وتعيها,يعي"
غبر,1,غبرة
غدق,1,غدقا
غري,5,"غر,غراما,مغارات,وغرتهم,وغرهم"
غزى,1,غزى
غشىا,1,غشىا
غصب,1,غصبا
غضب,2,"غضب,غضبوا"
غطاء,1,غطاء
غلظ,4,"غلاظ,غلظة,غليظا,واغلظ"
غلي,1,غلاما
غمي,1,غما
غمر,2,"غمرات,غمرتهم"
غنم,3,"غنمتم,مغانم,والغنم"
غول,1,غول
فاءت,1,فاءت
فابتغوا,1,فابتغوا
فابىا,1,فابىا
فاتبعوه,1,فاتبعوه
فتت,2,"فاتت,فتاتون"
فاتخذت,1,فاتخذت
فاتخذه,1,فاتخذه
فتق,2,"فاتقوا,ففتقناهما"
فتأ,11,"فاتوهم,فاتى,فاتيا,فاتينا,فتنا,فتونا,فتىاها,فتيان,لفتيانه,والتفت,يفتيكم"
فاجتنبوه,1,فاجتنبوه
فاحذروهم,1,فاحذروهم
فخذ,3,"فاخذتكم,فاخذه,فخذها"
فاخذناه,1,فاخذناه
فخر,3,"فاخران,فخور,كالفخار"
خلع,1,فاخلع
فادخلوها,1,فادخلوها
فادعوا,1,فادعوا
إذا,2,"فإذا,وإذا"
فاذكروني,1,فاذكروني
فارتد,1,فارتد
فرد,3,"فاردنا,فردا,فردوا"
فرغ,1,فارغا
فره,2,"فارهين,فرهان"
فزر,1,فازره
فاستجبنا,1,فاستجبنا
فاستغفروه,1,فاستغفروه
فاسعوا,1,فاسعوا
فاسقيناكموه,1,فاسقيناكموه
فسل,2,"فاسلك,فسلوا"
شور,2,"فاشارت,منشور"
اصبح,3,"فاصبح,فاصبحتم,واصبح"
فاضلونا,1,فاضلونا
فاعفوا,1,فاعفوا
فاعينوني,1,فاعينوني
فاغرقناهم,1,فاغرقناهم
قطع,8,"فاقطعوا,قطعا,قطعتم,مقطوعة,وتقطعت,وتقطعون,وقطعن,ويقطعون"
فقم,1,فاقمت
فكه,2,"فاكهون,فواكه"
قوط,1,فالتقطه
فلذ,1,فالذين
قهي,2,"فالقه,يفقهوه"
قوه,2,"فالقوه,فالقياه"
قىاها,1,فالقىاها
وري,11,"فالموريات,فاواري,مستورا,والتورىاة,ورا,وراء,وراءه,وراءي,وراي,ورائه,ورئاء"
فاما,1,فاما
فاماته,1,فاماته
مسح,2,"فامسحوا,وامسحوا"
فامشوا,1,فامشوا
مكن,4,"فامكن,مكان,مكانتكم,مكانكم"
نبذ,4,"فانبذ,لنبذ,لينبذن,نبذه"
فانجيناكم,1,فانجيناكم
جون,3,"فانجيناهم,نجيناهم,ونجيناهم"
نشز,3,"فانشزوا,نشوزا,ننشزها"
فلق,1,فانفلق
فإن,3,"فإنكم,فإنها,فإنهم"
فإني,1,فإني
فوف,3,"فاوف,ففهمناها,فيوفيهم"
فاوىاكم,1,فاوىاكم
فإياي,1,فإياي
فباءو,1,فباءو
فباي,1,فباي
فبشرناه,1,فبشرناه
فبظلم,1,فبظلم
فبم,1,فبم
بهت,1,فبهت
فتخرجوه,1,فتخرجوه
فتستجيبون,1,فتستجيبون
فشل,3,"فتفشلوا,فشلتم,لفشلتم"
فتك,1,فتكون
فتمسكم,1,فتمسكم
فتنقلبوا,1,فتنقلبوا
فتل,2,"فتولوا,فتيلا"
فجأ,3,"فجاء,فجاءها,فجوة"
فجج,1,فجاجا
فجزاؤه,1,فجزاؤه
فجعلناه,1,فجعلناه
فجعلناهم,1,فجعلناهم
فخخ,1,فخانتاهما
خسف,5,"فخسفنا,لخسف,نخسف,وخسف,يخسف"
دمدم,1,فدمدم
فدمرناهم,1,فدمرناهم
فذبحوها,1,فذبحوها
فذوقوه,1,فذوقوه
فرش,3,"فراشا,فرشناها,وفرش"
فرج,2,"فرجت,فروجهم"
فرجعناك,1,فرجعناك
فرض,4,"فرضتم,فريضة,مفروضا,وفرضناها"
فرط,3,"فرطا,فرطتم,يفرط"
فرع,3,"فرعون,لفرعون,وفرعون"
رقن,1,فرقناه
فزادوهم,1,فزادوهم
فزع,1,فزع
وفز,1,فزينوا
فساكتبها,1,فساكتبها
فستبصر,1,فستبصر
فسترضع,1,فسترضع
فسقناه,1,فسقناه
سوف,3,"فسوف,لسوف,يستوفون"
فسح,1,فسيحوا
فسيعلمون,1,فسيعلمون
فسيكفيكهم,1,فسيكفيكهم
فسينفقونها,1,فسينفقونها
فصد,1,فصدوا
فصكت,1,فصكت
صلن,2,"فصلناه,يصلون"
فيظ,2,"فظا,فظنوا"
فعقروها,1,فعقروها
فعم,1,فعميت
فغشىاها,1,فغشىاها
فغفر,1,فغفر
قبض,5,"فقبضت,قبضا,قبضته,مقبوضة,ويقبضن"
فقس,1,فقست
فقع,1,فقعوا
فكاتبوهم,1,فكاتبوهم
فكان,2,"فكانت,فكانوا"
كبت,2,"فكبت,كبت"
كبكب,1,فكبكبوا
فكذالك,1,فكذالك
فكذبوهما,1,فكذبوهما
فكرهتموه,1,فكرهتموه
فكن,1,فكنتم
كيف,1,فكيف
فلاقطعن,1,فلاقطعن
فلانفسهم,1,فلانفسهم
فلتقم,1,فلتقم
فلسوف,1,فلسوف
لعل,7,"فلعلك,لعلك,لعلنا,لعلهم,لعلي,ولعلا,ولعلهم"
فلقاتلوكم,1,فلقاتلوكم
فلكل,1,فلكل
فللذكر,1,فللذكر
فللوالدين,1,فللوالدين
فلن,2,"فلن,فلناتينهم"
فلنذيقن,1,فلنذيقن
فلنعم,1,فلنعم
فلنقصن,1,فلنقصن
فلنولينك,1,فلنولينك
فلياكل,1,فلياكل
فليتقوا,1,فليتقوا
فليتوكل,1,فليتوكل
فليدع,1,فليدع
فليرتقوا,1,فليرتقوا
فليستجيبوا,1,فليستجيبوا
فليستعفف,1,فليستعفف
فليصمه,1,فليصمه
فليعبدوا,1,فليعبدوا
فليعمل,1,فليعمل
فليفرحوا,1,فليفرحوا
فليكتب,1,فليكتب
فليمدد,1,فليمدد
فلينظر,1,فلينظر
فليؤد,1,فليؤد
مرر,3,"فمرت,مر,مرة"
مكث,2,"فمكث,ماكثين"
منه,2,"فمنه,ومنه"
فنبذناه,1,فنبذناه
فنبذوه,1,فنبذوه
فنتبع,1,فنتبع
فنجي,1,فنجي
فنجيناه,1,فنجيناه
فنس,2,"فنسي,فنسيهم"
نظل,1,فنظل
نعي,2,"فنعما,نعما"
نقب,3,"فنقبوا,نقبا,نقيبا"
فننبئكم,1,فننبئكم
فهد,1,فهدى
هل,1,فهل
هو,1,فهو
وحد,2,"فواحدة,واحد"
فأد,2,"فؤادك,والفؤاد"
وجد,5,"فوجد,فوجدناها,وجد,ووجد,ووجدوا"
ورب,2,"فوربك,ورب"
وسوس,2,"فوسوس,يوسوس"
وهب,4,"فوهب,هب,ووهبنا,يهب"
فياخذكم,1,فياخذكم
فئة,1,فئة
فيتعلمون,1,فيتعلمون
فيحفكم,1,فيحفكم
فيحلفون,1,فيحلفون
فيدخلهم,1,فيدخلهم
فود,1,فيدهنون
فيذهب,1,فيذهب
فيركمه,1,فيركمه
سحي,3,"فيستحي,ويستحي,يستحي"
فيسخرون,1,فيسخرون
فيشفعوا,1,فيشفعوا
فيصلب,1,فيصلب
فيضاعفه,1,فيضاعفه
فيضلك,1,فيضلك
فيظللن,1,فيظللن
فيعذبه,1,فيعذبه
فيعلمون,1,فيعلمون
فيغفر,1,فيغفر
فيقتلون,1,فيقتلون
فيقول,1,فيقول
فيقولون,1,فيقولون
فيكيدوا,1,فيكيدوا
فيمسك,1,فيمسك
فيموتوا,1,فيموتوا
فينبئهم,1,فينبئهم
فينسخ,1,فينسخ
فينظروا,1,فينظروا
فيؤخذ,1,فيؤخذ
فيومئذ,1,فيومئذ
قوب,1,قاب
قاتلوهم,1,قاتلوهم
قوس,3,"قاسية,قست,قوسين"
قوض,1,قاض
قبر,1,قبره
قتلتموهم,1,قتلتموهم
قدح,1,قدحا
قراطيس,1,قراطيس
قرطاس,1,قرطاس
قرش,1,قريش
قسوة,1,قسوة
قسس,1,قسيسين
قصد,3,"قصد,مقتصدة,واقصد"
قطمير,1,قطمير
قطف,1,قطوفها
قمطريرا,1,قمطريرا
قنطارا,1,قنطارا
قنأ,4,"قنوان,نتقنا,واقنىا,وقنا"
قواريرا,1,قواريرا
قوتلتم,1,قوتلتم
قيأ,4,"قياما,والقي,والقينا,وقياما"
كدح,2,"كادح,كدحا"
كسي,3,"كاسا,واكسوهم,وكاسا"
كوف,1,كافة
رمم,1,كالرميم
طود,1,كالطود
كامثال,1,كامثال
كمل,1,كاملين
كان,4,"كانتا,كانما,كانها,كانهن"
كهن,1,كاهن
كباسط,1,كباسط
كبد,1,كبد
كبرت,1,كبرت
كحب,1,كحب
كخلقه,1,كخلقه
كداب,1,كداب
كدي,2,"كدنا,يكد"
كذالكم,1,كذالكم
كذبوكم,1,كذبوكم
كذبوه,1,كذبوه
كرب,1,كرب
كرماد,1,كرماد
كسد,1,كسادها
كسف,1,كسفا
كشجرة,1,كشجرة
كصيب,1,كصيب
كظلمات,1,كظلمات
كعذاب,1,كعذاب
كعصف,1,كعصف
كفأ,6,"كف,كفىا,وكفىا,يكف,يكفهم,يكفيكم"
كفف,1,كففت
كفن,1,كفيناك
كلل,1,كلالة
كل,5,"كلتا,كله,كلهم,لكل,وكلهم"
كلمح,1,كلمح
كمثله,1,كمثله
كمن,1,كمن
كهشيم,1,كهشيم
كهي,1,كهية
كور,2,"كورت,يكور"
كوكب,1,كوكبا
كوي,3,"كوني,ليكونا,يكونا"
كيل,2,"كيل,لكيلا"
لااذبحنه,1,لااذبحنه
لإبراهيم,1,لإبراهيم
لبأ,5,"لابي,لبنا,لبيت,لبيوتهم,ولبيوتهم"
لاجعلنك,1,لاجعلنك
لحد,2,"لاحدهما,لواحد"
أدم,2,"لادم,وياادم"
لاصطفىا,1,لاصطفىا
لاظنك,1,لاظنك
لعب,5,"لاعبين,لعبا,ولعب,ونلعب,ويلعب"
أمل,1,لاملان
عمه,2,"لانعمه,يعمهون"
لبالمرصاد,1,لبالمرصاد
لبن,1,لبنيه
لتت,1,لتاتون
تفك,1,لتافكنا
لتبتغوا,1,لتبتغوا
لتحسبوه,1,لتحسبوه
لفت,2,"لتلفتنا,يلتفت"
نوأ,3,"لتنوا,والنوىا,ومنواة"
لثمود,1,لثمود
لجبريل,1,لجبريل
لجهنم,1,لجهنم
لجأ,2,"لجي,يلج"
لحس,1,لحسن
لحم,1,لحم
لحن,1,لحن
دلك,1,لدلوك
لدن,1,لدنه
لدى,1,لدى
لدي,2,"لدينا,لديهم"
لذق,1,لذائقون
لسبإ,1,لسبإ
ولس,3,"لستم,ولسانا,وليس"
لسع,1,لسعيه
شرذم,1,لشرذمة
لشركائهم,1,لشركائهم
لشي,1,لشيء
صول,3,"لصالوا,واصيلا,والاصال"
لضالون,1,لضالون
لطف,2,"لطيف,وليتلطف"
لعفو,1,لعفو
لغب,1,لغوب
ولف,2,"لفي,والف"
قد,1,لقد
لقم,4,"لقمان,لقومكما,لقومهم,ولقومك"
كما,1,لكما
لكن,3,"لكنت,ولاكنه,يملكون"
كند,1,لكنود
جبن,1,للجبين
للذين,1,للذين
للطاغين,1,للطاغين
للغاوين,1,للغاوين
بتل,4,"لمبتلين,نبتليه,وابتلوا,وتبتل"
لمبلسين,1,لمبلسين
لمج,1,لمجنون
لمع,2,"لمع,لمعكم"
مقت,1,لمقت
لم,1,لمن
لمهتدون,1,لمهتدون
يقت,1,لميقات
لنبيتنه,1,لنبيتنه
لن,1,لنت
لنحرقنه,1,لنحرقنه
نوح,5,"لنحي,نحي,نوحا,نوحيه,ونحيا"
لنرىاك,1,لنرىاك
لنظنك,1,لنظنك
نفي,3,"لنفتنهم,منفكين,ينفوا"
نقل,2,"لنقولن,ونقول"
نهد,1,لنهدينهم
لهد,3,"لهاد,لهدى,لهديناكم"
لهما,1,لهما
لقح,1,لواقح
لوج,1,لوجه
لوط,1,لوط
لو,1,لوما
ليثبتوك,1,ليثبتوك
ليخرجوك,1,ليخرجوك
ريي,4,"ليريكم,ليريهما,يريكم,يريكهم"
ليزلقونك,1,ليزلقونك
ليستفزونك,1,ليستفزونك
ليضلنا,1,ليضلنا
ليضلون,1,ليضلون
ليقربونا,1,ليقربونا
لينصرنه,1,لينصرنه
ماءك,1,ماءك
ماب,1,ماب
أرب,2,"مارب,يارب"
مرد,3,"مارد,مردنا,ممرد"
منع,4,"مانعتهم,مناع,منعك,منعهم"
ماؤها,1,ماؤها
بثث,1,مبثوثة
برم,1,مبرمون
مبينا,1,مبينا
جنف,1,متجانف
حرف,2,"متحرفا,يحرفون"
رفأ,1,مترفيهم
شكس,1,متشاكسون
جذذ,1,مجذوذ
محل,1,محله
حوص,1,محيص
خيم,1,مختوم
خمص,1,مخمصة
دحر,1,مدحورا
مدد,3,"مددناها,ممددة,ممدود"
مدكر,1,مدكر
ذبذب,1,مذبذبين
ذمم,1,مذموم
مرج,1,مرج
مرحب,1,مرحبا
مرض,2,"مرض,مرضت"
رقم,1,مرقوم
روج,1,مريج
روم,1,مريم
مزج,2,"مزجىاة,ومزاجه"
مزق,1,مزقتم
سفح,2,"مسافحين,مسفوحا"
سطر,2,"مستطر,مسطور"
سغب,1,مسغبة
سكب,1,مسكوب
سند,1,مسندة
شفق,2,"مشفقين,واشفقن"
مصر,1,مصر
مضر,1,مضار
مضي,1,مضت
مضل,1,مضل
مطمئنة,1,مطمئنة
مظلوما,1,مظلوما
عكم,2,"معكم,ونمنعكم"
مع,2,"معه,معهم"
عيش,2,"معيشة,معيشتهم"
غرم,2,"مغرم,والغارمين"
قمع,1,مقامع
قحم,1,مقتحم
قمح,1,مقمحون
ومق,1,مقيتا
مكرتموه,1,مكرتموه
ملجإ,1,ملجإ
نسك,1,مناسكنا
منطق,1,منطق
همر,1,منهمر
وعي,2,"منوعا,وعاء"
نوب,3,"منيب,منيبين,واناب"
هنأ,1,مهانا
هول,1,مهيلا
وطن,1,مواطن
وقت,2,"مواقيت,والقت"
وبق,2,"موبقا,يوبقهن"
أصد,1,مؤصدة
موضونة,1,موضونة
وقي,4,"موقوتا,وقائما,ووقىانا,يوق"
وهن,2,"موهن,واتوهن"
يسر,6,"ميسرة,والميسر,يسرا,يسرون,يسير,يسيركم"
ميقاتا,1,ميقاتا
ن,1,ن
نتأ,1,ناتي
ناج,1,ناج
ناسكوه,1,ناسكوه
نفل,1,نافلة
نكس,2,"ناكسوا,نكسوا"
نبإ,1,نبإ
نبإي,1,نبإي
نبغ,2,"نبغ,ينبغي"
نتر,1,نترك
نتوفينك,1,نتوفينك
نجىاكم,1,نجىاكم
نجىاهم,1,نجىاهم
نحس,2,"نحس,ونحاس"
نوخ,1,نختم
نذل,1,نذل
ربك,1,نربك
نرد,3,"نرد,نريد,ونريد"
نرى,1,نرى
نرىاك,1,نرىاك
نستبق,1,نستبق
نستعين,1,نستعين
نسخ,2,"نسختها,ننسخ"
نسف,1,نسفا
نسق,3,"نسقيكم,نسوق,ونسقيه"
نسل,5,"نسل,نسلك,نسله,والنسل,ينسلون"
نسر,1,نسير
نصل,2,"نصليه,ونصله"
نضج,1,نضجت
نضر,1,نضرة
نضد,1,نضيد
نظن,1,نظن
نظنكم,1,نظنكم
نعس,1,نعاسا
نعج,1,نعجتك
عقل,2,"نعقل,يعقلها"
نعل,1,نعليك
غدر,2,"نغادر,يغادر"
نفد,2,"نفدت,ينفد"
نفش,1,نفشت
فقد,1,نفقد
نقر,2,"نقر,ونقر"
نقع,1,نقعا
نكل,1,نكال
كتل,1,نكتل
نكث,2,"نكث,ينكث"
نكد,1,نكدا
دهم,2,"نمدهم,ويمدهم"
ننجي,1,ننجي
ونن,1,ننهك
نؤته,1,نؤته
نؤتىا,1,نؤتىا
هاذه,1,هاذه
هرأ,1,هاروت
هاهنا,1,هاهنا
هاؤم,1,هاؤم
هيض,1,هضما
وهل,3,"هل,واهل,وهل"
هلم,1,هلم
همز,2,"هماز,همزات"
همس,1,همسا
هنالك,1,هنالك
هيأ,2,"هي,ويهيئ"
هي,2,"هيه,واهية"
واباؤنا,1,واباؤنا
وثر,1,واثر
هتك,1,والهتك
وابتغ,1,وابتغ
وابتغاؤكم,1,وابتغاؤكم
واتبعوه,1,واتبعوه
واتخذتموه,1,واتخذتموه
واترفناهم,1,واترفناهم
وني,3,"واتوني,وانا,وانىا"
وإثما,1,وإثما
واجتبيناهم,1,واجتبيناهم
جلب,1,واجلب
وحل,2,"واحل,وحيل"
واخذناهم,1,واخذناهم
واخرجوهم,1,واخرجوهم
واداء,1,واداء
وادخلناه,1,وادخلناه
وادكر,1,وادكر
رتب,1,وارتبتم
وارسلناك,1,وارسلناك
وازدادوا,1,وازدادوا
أزر,1,وازرة
سبغ,1,واسبغ
واسترهبوهم,1,واسترهبوهم
واستغفروه,1,واستغفروه
سقم,1,واستقم
وإسراءيل,1,وإسراءيل
وصب,1,واصب
واصطفىاك,1,واصطفىاك
واضله,1,واضله
واضلوا,1,واضلوا
وعز,1,واعز
غضض,2,"واغضض,يغضضن"
برص,1,والابرص
اذىا,1,والاذىا
سبط,1,والاسباط
بغل,1,والبغال
جرد,1,والجراد
خنازير,1,والخنازير
الذين,1,والذين
رمن,2,"والرمان,يرمون"
زيت,1,والزيتون
سرق,2,"والسارقة,يسرقن"
ألق,1,والق
قناطير,1,والقناطير
مسكن,1,والمسكنة
طلب,2,"والمطلوب,يطلبه"
خنق,1,والمنخنقة
وقذ,1,والموقوذة
نشط,1,والناشطات
نجم,1,والنجم
نطح,1,والنطيحة
ومأ,4,"واما,وامي,وماء,ومن"
وامددناهم,1,وامددناهم
انه,1,وانه
واهجروهن,1,واهجروهن
واهلونا,1,واهلونا
وجس,1,واوجس
وباءو,1,وباءو
وبل,1,وبال
وبالاسحار,1,وبالاسحار
الذي,1,وبالذي
وبالزبر,1,وبالزبر
وبالمؤمنين,1,وبالمؤمنين
وبالوالدين,1,وبالوالدين
اليوم,1,وباليوم
وبث,1,وبث
وبدلناهم,1,وبدلناهم
بذأ,1,وبذي
وبه,1,وبه
وتتخذون,1,وتتخذون
وتحسبونه,1,وتحسبونه
خرر,4,"وتخر,وخر,ويخرون,يخرون"
ركك,1,وتركوك
زهق,2,"وتزهق,وزهق"
وتسبحوه,1,وتسبحوه
وتستخرجوا,1,وتستخرجوا
تسع,1,وتسعون
تلك,1,وتلك
وتماثيل,1,وتماثيل
وتواصوا,1,وتواصوا
وتؤتوها,1,وتؤتوها
ولج,1,وتولج
وثل,1,وثلة
وثمودا,1,وثمودا
وجاء,1,وجاء
وجاءته,1,وجاءته
وجاءك,1,وجاءك
وجاءه,1,وجاءه
وجاءو,1,وجاءو
وجاعلوه,1,وجاعلوه
جرن,2,"وجرين,يجرون"
وجعلناه,1,وجعلناه
وجعلناهم,1,وجعلناهم
جلون,1,وجلون
وجن,1,وجنى
جهي,3,"وجهت,وجهه,وجهي"
وجئتكم,1,وجئتكم
حوق,1,وحاق
وحشرناهم,1,وحشرناهم
حفد,1,وحفدة
وحملناهم,1,وحملناهم
حنأ,1,وحنانا
حيث,1,وحيث
دسر,1,ودسر
دعك,2,"ودعك,يدعوك"
ذات,1,وذات
ورتلناه,1,ورتلناه
رعد,1,ورعد
ورفعناه,1,ورفعناه
ورم,1,ورمان
ريش,1,وريشا
زرب,1,وزرابي
زفر,1,وزفيرا
وزوجناهم,1,وزوجناهم
وزيتونا,1,وزيتونا
وسرابيل,1,وسرابيل
شفت,1,وشفتين
وشي,1,وشيء
وصد,1,وصد
صهر,1,وصهرا
وضلوا,1,وضلوا
وطأ,1,وطا
طفق,1,وطفقا
عبقر,1,وعبقري
عدس,1,وعدسها
وعزروه,1,وعزروه
علمن,1,وعلمناه
عليها,1,وعليها
وعمروها,1,وعمروها
عنت,1,وعنت
غسق,1,وغساقا
غوص,1,وغواص
غيض,1,وغيض
فقأ,1,وفاقا
فيها,1,وفيها
وقاتلوهم,1,وقاتلوهم
وقل,3,"وقال,وقول,وقيل"
وقر,1,وقران
قربن,1,وقربناه
وقص,1,وقص
قضب,1,وقضبا
وقطعناهم,1,وقطعناهم
وقف,2,"وقفوا,وقفينا"
كانت,1,وكانت
وكذالك,1,وكذالك
وكف,1,وكف
وكم,1,وكم
كهل,1,وكهلا
صلب,1,ولاصلبنكم
مرن,1,ولامرنهم
ولتبتغوا,1,ولتبتغوا
وله,1,وله
ملل,1,وليملل
عوي,1,ومتعوهن
ودع,1,ومستودعها
وملإيه,1,وملإيه
مما,2,"ومما,ومماتي"
وميكىال,1,وميكىال
نخز,1,ونخزىا
ونرىاه,1,ونرىاه
ونزلناه,1,ونزلناه
ونستحي,1,ونستحي
ونصرناهم,1,ونصرناهم
نمر,1,ونمير
هجأ,1,وهاجا
هور,2,"وهارون,ياهارون"
وهاؤلاء,1,وهاؤلاء
هبت,1,وهبت
هنا,1,وهنا
وهي,2,"وهو,وهيئ"
ويبصط,1,ويبصط
خشن,2,"ويخشونه,يخشون"
ويدرؤا,1,ويدرؤا
ويرى,1,ويرى
ويزداد,1,ويزداد
ويسبحونه,1,ويسبحونه
ويستعجلونك,1,ويستعجلونك
ويستفتونك,1,ويستفتونك
ويستنبونك,1,ويستنبونك
سعن,1,ويسعون
كنه,1,ويكانه
يكون,2,"ويكون,يكونون"
محق,1,ويمحق
ينع,1,وينعه
ويؤتوا,1,ويؤتوا
ويوسف,1,ويوسف
ويومئذ,1,ويومئذ
ياابانا,1,ياابانا
ياإبراهيم,1,ياإبراهيم
ياايتها,1,ياايتها
ياايها,1,ياايها
يبس,2,"يابس,يبسا"
يابشرىا,1,يابشرىا
يات,1,يات
ياتوك,1,ياتوك
ياتي,1,ياتي
ياتيك,1,ياتيك
ياتيكما,1,ياتيكما
ياتينا,1,ياتينا
ياتيهم,1,ياتيهم
ياشعيب,1,ياشعيب
ياعيسىا,1,ياعيسىا
كلن,1,ياكلان
يامريم,1,يامريم
ياموسى,1,ياموسى
ياويلتىا,1,ياويلتىا
يايحيىا,1,يايحيىا
يبايعنك,1,يبايعنك
يبايعونك,1,يبايعونك
يبتغون,1,يبتغون
بحث,1,يبحث
يبدلونه,1,يبدلونه
يبدؤا,1,يبدؤا
يبلس,1,يبلس
يبنؤم,1,يبنؤم
يتبعوكم,1,يتبعوكم
جرع,1,يتجرعه
خبط,1,يتخبطه
يتخذونك,1,يتخذونك
ركم,1,يتركم
يتفيؤا,1,يتفيؤا
ثخن,1,يثخن
يثقفوكم,1,يثقفوكم
يجاورونك,1,يجاورونك
يجعلوه,1,يجعلوه
جمح,1,يجمحون
يحاجوكم,1,يحاجوكم
حضن,1,يحضن
يحفظونه,1,يحفظونه
يحكموك,1,يحكموك
يحكمونك,1,يحكمونك
يحملوها,1,يحملوها
حوف,1,يحيف
حوك,1,يحيك
يخت,1,يختانون
يخرجوك,1,يخرجوك
خصف,1,يخصفان
يدخلوها,1,يدخلوها
دوس,1,يدسه
يدعونه,1,يدعونه
يراءون,1,يراءون
يرى,1,يرى
يرىاك,1,يرىاك
يرىاها,1,يرىاها
زفن,1,يزفون
زنن,1,يزنين
يس,1,يس
يسبقونه,1,يسبقونه
يستثنون,1,يستثنون
يستخفنك,1,يستخفنك
يستذنك,1,يستذنك
يستذنوه,1,يستذنوه
يستعجلونك,1,يستعجلونك
يستغشون,1,يستغشون
يستفزهم,1,يستفزهم
يستنبطونه,1,يستنبطونه
يسرناه,1,يسرناه
يشإ,1,يشإ
يشاءون,1,يشاءون
يصطفي,1,يصطفي
يضروك,1,يضروك
يضله,1,يضله
يضلوا,1,يضلوا
يضلون,1,يضلون
يضلونهم,1,يضلونهم
ضوع,1,يضيع
يطيقونه,1,يطيقونه
يظهروه,1,يظهروه
يعبدوها,1,يعبدوها
يعتزلوكم,1,يعتزلوكم
يعرفونه,1,يعرفونه
يعرفونهم,1,يعرفونهم
يعفو,1,يعفو
عفن,1,يعفون
يغشىا,1,يغشىا
يغشىاها,1,يغشىاها
غضن,1,يغضون
قرف,1,يقترف
قطن,1,يقطين
قنط,1,يقنط
يك,1,يك
يكفروه,1,يكفروه
لفظ,1,يلفظ
لمز,1,يلمزك
لهث,1,يلهث
ميز,1,يميز
ينازعنك,1,ينازعنك
نبع,1,ينبوعا
نحت,1,ينحتون
ينزغنك,1,ينزغنك
ينسينك,1,ينسينك
ينصرونه,1,ينصرونه
نعق,1,ينعق
يهتدوا,1,يهتدوا
هوم,1,يهيمون
يؤتي,1,يؤتي
يؤتيه,1,يؤتيه
يومئذ,1,يومئذ
يونس,1,يونس
يأس,2,"يئس,يئسوا"
